module,address,vm_address,name,default,flags,modification_count,track_change,reset,source_mentions,status
cgame,0x137a40,0x10dfc20,cg_autoswitch,2,1,0,,,src_2.60/cgame/cg_main.c,needs-semantic-audit
cgame,0x137a54,0x1015ae0,cg_drawGun,1,1,0,,,src_2.60/cgame/cg_main.c,needs-semantic-audit
cgame,0x137a68,0x1014100,cg_gun_frame,0,256,0,,,src_2.60/cgame/cg_main.c,needs-semantic-audit
cgame,0x137a7c,0x1014a00,cg_cursorHints,1,1,0,,,src_2.60/cgame/cg_main.c,needs-semantic-audit
cgame,0x137a90,0x10369e0,cg_zoomDefaultSniper,20,1,0,,,src_2.60/cgame/cg_main.c,needs-semantic-audit
cgame,0x137aa4,0x10151e0,cg_zoomStepSniper,2,1,0,,,src_2.60/cgame/cg_main.c,needs-semantic-audit
cgame,0x137ab8,0x100e9e0,cg_fov,90,1,0,,,src_2.60/cgame/cg_main.c,needs-semantic-audit
cgame,0x137acc,0x1013140,cg_stereoSeparation,0.4,1,0,,,src_2.60/cgame/cg_main.c,needs-semantic-audit
cgame,0x137ae0,0x100d5a0,cg_shadows,1,1,0,,,src_2.60/cgame/cg_main.c,needs-semantic-audit
cgame,0x137af4,0x1015300,cg_gibs,1,1,0,,,src_2.60/cgame/cg_main.c,needs-semantic-audit
cgame,0x137b08,0x100e8c0,cg_draw2D,1,1,0,,,src_2.60/cgame/cg_main.c,needs-semantic-audit
cgame,0x137b1c,0x100dea0,cg_drawSpreadScale,1,1,0,,,src_2.60/cgame/cg_main.c,needs-semantic-audit
cgame,0x137b30,0x1013b60,cg_drawStatus,1,1,0,,,src_2.60/cgame/cg_main.c,needs-semantic-audit
cgame,0x137b44,0x3121a40,cg_drawFPS,0,1,0,,,src_2.60/cgame/cg_main.c,needs-semantic-audit
cgame,0x137b58,0x3123540,cg_drawSnapshot,0,1,0,,,src_2.60/cgame/cg_main.c,needs-semantic-audit
cgame,0x137b6c,0x1036440,cg_drawCrosshair,1,1,0,,,src_2.60/cgame/cg_main.c;src_2.60/cgame/cg_weapons.c,needs-semantic-audit
cgame,0x137b80,0x10379a0,cg_drawCrosshairNames,1,1,0,,,src_2.60/cgame/cg_main.c,needs-semantic-audit
cgame,0x137b94,0x100ed40,cg_drawCrosshairPickups,1,1,0,,,src_2.60/cgame/cg_main.c,needs-semantic-audit
cgame,0x137ba8,0x3123d20,cg_useWeapsForZoom,1,1,0,,,src_2.60/cgame/cg_main.c,needs-semantic-audit
cgame,0x137bbc,0x100ef80,cg_weaponCycleDelay,150,1,0,,,src_2.60/cgame/cg_main.c,needs-semantic-audit
cgame,0x137bd0,0x3123780,cg_cycleAllWeaps,1,1,0,,,src_2.60/cgame/cg_main.c,needs-semantic-audit
cgame,0x137be4,0xfad780,cg_crosshairSize,48,1,0,,,src_2.60/cgame/cg_main.c,needs-semantic-audit
cgame,0x137bf8,0x1015540,cg_crosshairHealth,0,1,0,,,src_2.60/cgame/cg_main.c,needs-semantic-audit
cgame,0x137c0c,0x100dd80,cg_crosshairX,0,1,0,,,src_2.60/cgame/cg_main.c,needs-semantic-audit
cgame,0x137c20,0x1036560,cg_crosshairY,0,1,0,,,src_2.60/cgame/cg_main.c,needs-semantic-audit
cgame,0x137c34,0xfae080,cg_brassTime,2500,1,0,,,src_2.60/cgame/cg_main.c,needs-semantic-audit
cgame,0x137c48,0xfacc40,cg_marktime,20000,1,0,,,src_2.60/cgame/cg_main.c,needs-semantic-audit
cgame,0x137c5c,0x100e320,cg_lagometer,0,1,0,,,src_2.60/cgame/cg_main.c,needs-semantic-audit
cgame,0x137c70,0x3123300,cg_railTrailTime,400,1,0,,,src_2.60/cgame/cg_main.c,needs-semantic-audit
cgame,0x137c84,0x33e22c0,cg_gunX,0,512,0,,,src_2.60/cgame/cg_main.c,needs-semantic-audit
cgame,0x137c98,0x1013ec0,cg_gunY,0,512,0,,,src_2.60/cgame/cg_main.c,needs-semantic-audit
cgame,0x137cac,0x33e2500,cg_gunZ,0,512,0,,,src_2.60/cgame/cg_main.c,needs-semantic-audit
cgame,0x137cc0,0x10134a0,cg_countryflags,1,1,0,,,,no-literal-source-mention
cgame,0x137cd4,0x100e440,cg_centertime,5,512,0,,,src_2.60/cgame/cg_main.c,needs-semantic-audit
cgame,0x137ce8,0x1014460,cg_runpitch,0.002,1,0,,,src_2.60/cgame/cg_main.c,needs-semantic-audit
cgame,0x137cfc,0xfacfa0,cg_runroll,0.005,1,0,,,src_2.60/cgame/cg_main.c,needs-semantic-audit
cgame,0x137d10,0x100d900,cg_bobup,0.005,1,0,,,src_2.60/cgame/cg_main.c,needs-semantic-audit
cgame,0x137d24,0x3121920,cg_bobpitch,0.002,1,0,,,src_2.60/cgame/cg_main.c,needs-semantic-audit
cgame,0x137d38,0x1036c20,cg_bobroll,0.002,1,0,,,src_2.60/cgame/cg_main.c,needs-semantic-audit
cgame,0x137d4c,0x100d000,cg_bobyaw,0.002,1,0,,,src_2.60/cgame/cg_main.c,needs-semantic-audit
cgame,0x137d60,0x31227c0,cg_autoactivate,1,1,0,,,src_2.60/cgame/cg_main.c,needs-semantic-audit
cgame,0x137d74,0x100fd00,cg_swingSpeed,0.1,512,0,,,src_2.60/cgame/cg_main.c,needs-semantic-audit
cgame,0x137d88,0x1012600,cg_bloodTime,120,1,0,,,src_2.60/cgame/cg_main.c,needs-semantic-audit
cgame,0x137d9c,0x1014b20,cg_skybox,1,512,0,,,src_2.60/cgame/cg_main.c,needs-semantic-audit
cgame,0x137db0,0x1013da0,cg_messageType,1,256,0,,,src_2.60/cgame/cg_consolecmds.c;src_2.60/cgame/cg_main.c,needs-semantic-audit
cgame,0x137dc4,0x10135c0,cg_animspeed,1,512,0,,,src_2.60/cgame/cg_main.c,needs-semantic-audit
cgame,0x137dd8,0x100f880,cg_debuganim,0,512,0,,,src_2.60/cgame/cg_main.c,needs-semantic-audit
cgame,0x137dec,0x1013380,cg_debugposition,0,512,0,,,src_2.60/cgame/cg_main.c,needs-semantic-audit
cgame,0x137e00,0x100eb00,cg_debugevents,0,512,0,,,src_2.60/cgame/cg_main.c,needs-semantic-audit
cgame,0x137e14,0x3121fe0,cg_errordecay,100,0,0,,,src_2.60/cgame/cg_main.c,needs-semantic-audit
cgame,0x137e28,0x3122b20,cg_nopredict,0,512,0,,,src_2.60/cgame/cg_main.c,needs-semantic-audit
cgame,0x137e3c,0x33e2860,cg_noplayeranims,0,512,0,,,src_2.60/cgame/cg_main.c,needs-semantic-audit
cgame,0x137e50,0x3122220,cg_showmiss,0,0,0,,,src_2.60/cgame/cg_main.c,needs-semantic-audit
cgame,0x137e64,0x100e680,cg_footsteps,1,512,0,,,src_2.60/cgame/cg_main.c,needs-semantic-audit
cgame,0x137e78,0x1012840,cg_tracerchance,0.4,512,0,,,src_2.60/cgame/cg_main.c,needs-semantic-audit
cgame,0x137e8c,0x100d7e0,cg_tracerwidth,0.8,512,0,,,src_2.60/cgame/cg_main.c,needs-semantic-audit
cgame,0x137ea0,0x31238a0,cg_tracerSpeed,4500,512,0,,,src_2.60/cgame/cg_main.c,needs-semantic-audit
cgame,0x137eb4,0x10df9e0,cg_tracerlength,160,512,0,,,src_2.60/cgame/cg_main.c,needs-semantic-audit
cgame,0x137ec8,0x1012a80,cg_thirdPersonRange,80,512,0,,,src_2.60/cgame/cg_info.c;src_2.60/cgame/cg_main.c,needs-semantic-audit
cgame,0x137edc,0x33e21a0,cg_thirdPersonAngle,0,512,0,,,src_2.60/cgame/cg_info.c;src_2.60/cgame/cg_main.c,needs-semantic-audit
cgame,0x137ef0,0x100db40,cg_thirdPerson,0,512,0,,,src_2.60/cgame/cg_info.c;src_2.60/cgame/cg_main.c;src_2.60/cgame/cg_servercmds.c,needs-semantic-audit
cgame,0x137f04,0x33e1f60,cg_teamChatTime,8000,1,0,,,src_2.60/cgame/cg_main.c,needs-semantic-audit
cgame,0x137f18,0x1012cc0,cg_teamChatHeight,8,1,0,,,src_2.60/cgame/cg_main.c,needs-semantic-audit
cgame,0x137f2c,0x33e2740,cg_coronafardist,1536,1,0,,,src_2.60/cgame/cg_main.c,needs-semantic-audit
cgame,0x137f40,0x3123660,cg_coronas,1,1,0,,,src_2.60/cgame/cg_main.c,needs-semantic-audit
cgame,0x137f54,0x10124e0,cg_predictItems,1,1,0,,,src_2.60/cgame/cg_main.c,needs-semantic-audit
cgame,0x137f68,0x1015780,cg_deferPlayers,1,1,0,,,src_2.60/cgame/cg_main.c,needs-semantic-audit
cgame,0x137f7c,0x100e7a0,cg_stats,0,0,0,,,src_2.60/cgame/cg_main.c,needs-semantic-audit
cgame,0x137f90,0xfad8a0,cg_blinktime,100,1,0,,,src_2.60/cgame/cg_main.c,needs-semantic-audit
cgame,0x137fa4,0x100fbe0,cg_cameraOrbit,0,512,0,,,src_2.60/cgame/cg_main.c,needs-semantic-audit
cgame,0x137fb8,0x1015f60,cg_cameraOrbitDelay,50,1,0,,,src_2.60/cgame/cg_main.c,needs-semantic-audit
cgame,0x137fcc,0x1014c40,cg_timescaleFadeEnd,1,0,0,,,src_2.60/cgame/cg_main.c,needs-semantic-audit
cgame,0x137fe0,0x3122d60,cg_timescaleFadeSpeed,0,0,0,,,src_2.60/cgame/cg_main.c,needs-semantic-audit
cgame,0x137ff4,0x1036d40,timescale,1,0,0,,,src_2.60/cgame/cg_info.c;src_2.60/cgame/cg_main.c,needs-semantic-audit
cgame,0x138008,0x10123c0,com_cameraMode,0,512,0,,,src_2.60/cgame/cg_main.c,needs-semantic-audit
cgame,0x13801c,0x100da20,pmove_fixed,0,1,0,,,src_2.60/cgame/cg_main.c,needs-semantic-audit
cgame,0x138030,0x10146a0,pmove_msec,8,512,0,,,src_2.60/cgame/cg_main.c;src_2.60/cgame/cg_predict.c,needs-semantic-audit
cgame,0x138044,0x33e23e0,cg_voiceSpriteTime,6000,1,0,,,src_2.60/cgame/cg_main.c,needs-semantic-audit
cgame,0x138058,0x3121ec0,cg_teamChatsOnly,0,1,0,,,src_2.60/cgame/cg_main.c,needs-semantic-audit
cgame,0x13806c,0x3121da0,cg_noVoiceChats,0,1,0,,,src_2.60/cgame/cg_main.c,needs-semantic-audit
cgame,0x138080,0x3122a00,cg_noVoiceText,0,1,0,,,src_2.60/cgame/cg_main.c,needs-semantic-audit
cgame,0x138094,0x31228e0,com_buildScript,0,0,0,,,src_2.60/cgame/cg_main.c,needs-semantic-audit
cgame,0x1380a8,0x100dfc0,cl_paused,0,64,0,,,src_2.60/cgame/cg_main.c,needs-semantic-audit
cgame,0x1380bc,0x100ec20,cg_wolfparticles,1,1,0,,,src_2.60/cgame/cg_main.c,needs-semantic-audit
cgame,0x1380d0,0x3123ae0,cg_smokeparticles,1,1,0,,,,no-literal-source-mention
cgame,0x1380e4,0x10122a0,cg_trailparticles,1,1,0,,,,no-literal-source-mention
cgame,0x1380f8,0x31230c0,cg_impactparticles,1,1,0,,,,no-literal-source-mention
cgame,0x13810c,0x100d360,g_gametype,0,0,0,,,src_2.60/cgame/cg_loadpanel.c;src_2.60/cgame/cg_main.c;src_2.60/cgame/cg_servercmds.c,needs-semantic-audit
cgame,0x138120,0xfad420,cg_norender,0,0,0,,,src_2.60/cgame/cg_main.c;src_2.60/cgame/cg_servercmds.c,needs-semantic-audit
cgame,0x138134,0x100f9a0,,30000,0,0,,,src_2.60/cgame/cg_consolecmds.c;src_2.60/cgame/cg_debriefing.c;src_2.60/cgame/cg_draw.c;src_2.60/cgame/cg_ents.c;src_2.60/cgame/cg_event.c;src_2.60/cgame/cg_fireteams.c;src_2.60/cgame/cg_flamethrower.c;src_2.60/cgame/cg_info.c;src_2.60/cgame/cg_limbopanel.c;src_2.60/cgame/cg_main.c;src_2.60/cgame/cg_multiview.c;src_2.60/cgame/cg_nitmod_config.c;src_2.60/cgame/cg_scoreboard.c;src_2.60/cgame/cg_servercmds.c;src_2.60/cgame/cg_sound.c;src_2.60/cgame/cg_spawn.c,needs-semantic-audit
cgame,0x138148,0x1015c00,,30000,0,0,,,src_2.60/cgame/cg_consolecmds.c;src_2.60/cgame/cg_debriefing.c;src_2.60/cgame/cg_draw.c;src_2.60/cgame/cg_ents.c;src_2.60/cgame/cg_event.c;src_2.60/cgame/cg_fireteams.c;src_2.60/cgame/cg_flamethrower.c;src_2.60/cgame/cg_info.c;src_2.60/cgame/cg_limbopanel.c;src_2.60/cgame/cg_main.c;src_2.60/cgame/cg_multiview.c;src_2.60/cgame/cg_nitmod_config.c;src_2.60/cgame/cg_scoreboard.c;src_2.60/cgame/cg_servercmds.c;src_2.60/cgame/cg_sound.c;src_2.60/cgame/cg_spawn.c,needs-semantic-audit
cgame,0x13815c,0x100d480,cg_drawCompass,1,1,0,,,src_2.60/cgame/cg_main.c,needs-semantic-audit
cgame,0x138170,0x1015d20,cg_drawNotifyText,1,1,0,,,src_2.60/cgame/cg_main.c,needs-semantic-audit
cgame,0x138184,0xfad540,cg_quickMessageAlt,0,1,0,,,src_2.60/cgame/cg_main.c,needs-semantic-audit
cgame,0x138198,0x1012ba0,cg_popupLimboMenu,1,1,0,,,src_2.60/cgame/cg_main.c,needs-semantic-audit
cgame,0x1381ac,0x3123420,cg_descriptiveText,1,1,0,,,src_2.60/cgame/cg_main.c,needs-semantic-audit
cgame,0x1381c0,0x1015e40,g_antilag,1,0,0,,,src_2.60/cgame/cg_loadpanel.c;src_2.60/cgame/cg_main.c;src_2.60/cgame/cg_servercmds.c,needs-semantic-audit
cgame,0x1381d4,0x3122100,developer,0,512,0,,,src_2.60/cgame/cg_main.c,needs-semantic-audit
cgame,0x1381e8,0x1014e80,cg_announcer,1,1,0,,,src_2.60/cgame/cg_main.c,needs-semantic-audit
cgame,0x1381fc,0x1015660,cg_autoAction,0,1,0,,,src_2.60/cgame/cg_main.c,needs-semantic-audit
cgame,0x138210,0x10148e0,cg_autoReload,1,1,0,,,src_2.60/cgame/cg_main.c,needs-semantic-audit
cgame,0x138224,0xfade40,cg_weapAltReloads,0,1,0,,,src_2.60/cgame/cg_main.c,needs-semantic-audit
cgame,0x138238,0x10df8c0,cg_bloodDamageBlend,1.0,1,0,,,src_2.60/cgame/cg_main.c,needs-semantic-audit
cgame,0x13824c,0x1013800,cg_bloodFlash,1.0,1,0,,,src_2.60/cgame/cg_main.c,needs-semantic-audit
cgame,0x138260,0x1014340,cg_complaintPopUp,1,1,0,,,src_2.60/cgame/cg_main.c,needs-semantic-audit
cgame,0x138274,0xface80,cg_crosshairAlpha,1.0,1,0,,,src_2.60/cgame/cg_main.c,needs-semantic-audit
cgame,0x138288,0x10150c0,cg_crosshairAlphaAlt,1.0,1,0,,,src_2.60/cgame/cg_main.c,needs-semantic-audit
cgame,0x13829c,0x100f2e0,cg_crosshairColor,White,1,0,,,src_2.60/cgame/cg_main.c,needs-semantic-audit
cgame,0x1382b0,0x10df7a0,cg_crosshairColorAlt,White,1,0,,,src_2.60/cgame/cg_main.c,needs-semantic-audit
cgame,0x1382c4,0x100dc60,cg_crosshairPulse,1,1,0,,,src_2.60/cgame/cg_main.c,needs-semantic-audit
cgame,0x1382d8,0xfacb20,cg_drawReinforcementTime,1,1,0,,,src_2.60/cgame/cg_main.c,needs-semantic-audit
cgame,0x1382ec,0x3122340,cg_drawWeaponIconFlash,0,1,0,,,src_2.60/cgame/cg_main.c,needs-semantic-audit
cgame,0x138300,0xfadf60,cg_noAmmoAutoSwitch,1,1,0,,,src_2.60/cgame/cg_main.c,needs-semantic-audit
cgame,0x138314,0x100d240,cg_printObjectiveInfo,1,1,0,,,src_2.60/cgame/cg_main.c,needs-semantic-audit
cgame,0x138328,0xfad300,cg_specHelp,1,1,0,,,src_2.60/cgame/cg_main.c,needs-semantic-audit
cgame,0x13833c,0x100d120,cg_uinfo,0,66,0,,,src_2.60/cgame/cg_main.c,needs-semantic-audit
cgame,0x138350,0x1012f00,cg_useScreenshotJPEG,1,1,0,,,src_2.60/cgame/cg_main.c,needs-semantic-audit
cgame,0x138364,0x100fe20,demo_avifpsF1,0,1,0,,,src_2.60/cgame/cg_main.c,needs-semantic-audit
cgame,0x138378,0x10158a0,demo_avifpsF2,10,1,0,,,src_2.60/cgame/cg_main.c,needs-semantic-audit
cgame,0x13838c,0x100f760,demo_avifpsF3,15,1,0,,,src_2.60/cgame/cg_main.c,needs-semantic-audit
cgame,0x1383a0,0x10159c0,demo_avifpsF4,20,1,0,,,src_2.60/cgame/cg_main.c,needs-semantic-audit
cgame,0x1383b4,0xfadc00,demo_avifpsF5,24,1,0,,,src_2.60/cgame/cg_main.c,needs-semantic-audit
cgame,0x1383c8,0x100f400,demo_drawTimeScale,1,1,0,,,src_2.60/cgame/cg_main.c,needs-semantic-audit
cgame,0x1383dc,0x100fac0,demo_infoWindow,1,1,0,,,src_2.60/cgame/cg_main.c,needs-semantic-audit
cgame,0x1383f0,0x1010180,demo_wallHack,0,512,0,,,,no-literal-source-mention
cgame,0x138404,0x1037400,cl_maxpackets,30,1,0,,,src_2.60/cgame/cg_main.c,needs-semantic-audit
cgame,0x138418,0x33e1e40,cl_timenudge,0,1,0,,,src_2.60/cgame/cg_main.c,needs-semantic-audit
cgame,0x13842c,0x1012de0,m_pitch,0.022,1,0,,,src_2.60/cgame/cg_main.c,needs-semantic-audit
cgame,0x138440,0x3121c80,sensitivity,5,1,0,,,src_2.60/cgame/cg_main.c;src_2.60/cgame/cg_nitmod_config.c,needs-semantic-audit
cgame,0x138454,0x31231e0,ui_blackout,0,64,0,,,src_2.60/cgame/cg_draw.c;src_2.60/cgame/cg_main.c,needs-semantic-audit
cgame,0x138468,0x1037880,cg_atmosphericEffects,1,1,0,,,src_2.60/cgame/cg_main.c,needs-semantic-audit
cgame,0x13847c,0x10367a0,authLevel,0,320,0,,,src_2.60/cgame/cg_main.c;src_2.60/cgame/cg_players.c,needs-semantic-audit
cgame,0x138490,0x1014d60,auth_rconPassword,,256,0,,,src_2.60/cgame/cg_main.c,needs-semantic-audit
cgame,0x1384a4,0x3123c00,auth_refereePassword,,256,0,,,src_2.60/cgame/cg_main.c,needs-semantic-audit
cgame,0x1384b8,0x10147c0,cg_drawRoundTimer,1,1,0,,,src_2.60/cgame/cg_main.c,needs-semantic-audit
cgame,0x1384cc,0x10df680,cg_fastSolids,1,1,0,,,src_2.60/cgame/cg_main.c,needs-semantic-audit
cgame,0x1384e0,0x1013920,cg_instanttapout,0,1,0,,,src_2.60/cgame/cg_main.c,needs-semantic-audit
cgame,0x1384f4,0x1012720,cg_debugSkills,0,0,0,,,src_2.60/cgame/cg_main.c,needs-semantic-audit
cgame,0x138508,0x0,etVersion,,66,0,,,,no-literal-source-mention
cgame,0x13851c,0x0,build,linux-i386,66,0,,,,no-literal-source-mention
cgame,0x138530,0x100d6c0,cg_drawFireteamOverlay,1,1,0,,,src_2.60/cgame/cg_main.c,needs-semantic-audit
cgame,0x138544,0x1010060,cl_demorecording,0,64,0,,,src_2.60/cgame/cg_main.c,needs-semantic-audit
cgame,0x138558,0x3122580,cl_demofilename,,64,0,,,src_2.60/cgame/cg_main.c,needs-semantic-audit
cgame,0x13856c,0x1037520,cl_demooffset,0,64,0,,,src_2.60/cgame/cg_main.c,needs-semantic-audit
cgame,0x138580,0x1013fe0,cl_waverecording,0,64,0,,,src_2.60/cgame/cg_main.c,needs-semantic-audit
cgame,0x138594,0x100f520,cl_wavefilename,,64,0,,,src_2.60/cgame/cg_main.c,needs-semantic-audit
cgame,0x1385a8,0x1014fa0,cl_waveoffset,0,64,0,,,src_2.60/cgame/cg_main.c,needs-semantic-audit
cgame,0x1385bc,0x10dfd40,cg_recording_statusline,9,1,0,,,src_2.60/cgame/cg_main.c,needs-semantic-audit
cgame,0x1385d0,0x1013a40,cg_drawPing,0,1,0,,,,no-literal-source-mention
cgame,0x1385e4,0x100f0a0,cg_drawTime,1,1,0,,,,no-literal-source-mention
cgame,0x1385f8,0x3122e80,cg_drawTimeSeconds,0,1,0,,,,no-literal-source-mention
cgame,0x13860c,0x100f640,cg_tkSounds,1,1,0,,,,no-literal-source-mention
cgame,0x138620,0x100e0e0,cg_HUDBackgroundColor,.16 .2 .17,1,0,,,,no-literal-source-mention
cgame,0x138634,0xfad0c0,cg_HUDBorderColor,.5  .5 .5,1,0,,,,no-literal-source-mention
cgame,0x138648,0x3121800,cg_HUDAlpha,0.8,1,0,,,,no-literal-source-mention
cgame,0x13865c,0x3122460,cg_hitSounds,1,1,0,,,src_2.60/cgame/cg_main.c;src_2.60/cgame/cg_nitmod_config.c,needs-semantic-audit
cgame,0x138670,0x10372e0,cg_pingColors,1,1,0,,,,no-literal-source-mention
cgame,0x138684,0x1036320,cg_goatSound,3,1,0,,,,no-literal-source-mention
cgame,0x138698,0x33e2620,r_dynamicTextures,0,1,0,,,,no-literal-source-mention
cgame,0x1386ac,0x10371c0,cg_markDistance,384,1,0,,,,no-literal-source-mention
cgame,0x1386c0,0x1014580,cg_drawHitbox,0,512,0,,,,no-literal-source-mention
cgame,0x1386d4,0xfad660,cg_muzzleFlash,1,1,0,,,,no-literal-source-mention
cgame,0x1386e8,0xfad9c0,cg_tracers,1,1,0,,,,no-literal-source-mention
cgame,0x1386fc,0x1015420,cg_drawspeed,0,1,0,,,,no-literal-source-mention
cgame,0x138710,0x1013c80,cg_speedinterval,100,1,0,,,,no-literal-source-mention
cgame,0x138724,0x1036b00,cg_speedunit,0,1,0,,,,no-literal-source-mention
cgame,0x138738,0x100cee0,cg_optimizePrediction,1,1,0,,,,no-literal-source-mention
cgame,0x13874c,0x31226a0,cg_obituary,1,1,0,,,,no-literal-source-mention
cgame,0x138760,0xfae1a0,cg_locations,3,1,0,,,,no-literal-source-mention
cgame,0x138774,0xfad1e0,cg_limbo_secondary,0,1,0,,,,no-literal-source-mention
cgame,0x138788,0x31239c0,cg_FTAutoSelect,1,1,0,,,,no-literal-source-mention
cgame,0x13879c,0x1037640,cg_automapZoom,5.159,1,0,,,,no-literal-source-mention
cgame,0x1387b0,0x10dfb00,cg_shoveSounds,1,1,0,,,src_2.60/cgame/cg_main.c,needs-semantic-audit
cgame,0x1387c4,0x100ff40,cg_logFile,client.log,1,0,,,,no-literal-source-mention
cgame,0x1387d8,0x3122fa0,cg_clientLog,0,1,0,,,,no-literal-source-mention
cgame,0x1387ec,0x3121b60,cg_popupFadeTime,6000,1,0,,,,no-literal-source-mention
cgame,0x138800,0x100ee60,cg_numPopups,6,1,0,,,,no-literal-source-mention
cgame,0x138814,0x1013020,cg_drawCam,1,1,0,,,,no-literal-source-mention
cgame,0x138828,0x0,x,,1090,0,,,src_2.60/cgame/cg_nitmod_config.c;src_2.60/cgame/cg_servercmds.c,needs-semantic-audit
cgame,0x13883c,0x100e200,cg_HUDFlags,4,1,0,,,,no-literal-source-mention
cgame,0x138850,0x100cdc0,cg_locationMaxChars,12,1,0,,,,no-literal-source-mention
cgame,0x138864,0x33e2080,cg_spawnTimer_set,-1,256,0,,,,no-literal-source-mention
cgame,0x138878,0x100e560,cg_spawnTimer_period,0,256,0,,,,no-literal-source-mention
cgame,0x13888c,0x100f1c0,cg_TDMScorePos,0,1,0,,,,no-literal-source-mention
cgame,0x1388a0,0x1013260,n_forceSinglePistol,0,1,0,,,,no-literal-source-mention
cgame,0x1388b4,0x1037760,sv_fps,20,64,0,,,,no-literal-source-mention
cgame,0x1388c8,0x1012960,cg_earlyTransition,1,1,0,,,,no-literal-source-mention
cgame,0x1388dc,0x10370a0,cg_projectileNudge,1,1,0,,,,no-literal-source-mention
cgame,0x1388f0,0x1036680,cg_notificationTime,8000,1,0,,,,no-literal-source-mention
cgame,0x138904,0x1014220,cg_notificationFadeTime,250,1,0,,,,no-literal-source-mention
cgame,0x138918,0xfadd20,cg_noGreetingSounds,0,1,0,,,src_2.60/cgame/cg_main.c,needs-semantic-audit
cgame,0x13892c,0xfacd60,cg_pmColor,^7,1,0,,,,no-literal-source-mention
cgame,0x138940,0x1036e60,n_guid,,1090,0,,,src_2.60/cgame/cg_nitmod_config.c,needs-semantic-audit
cgame,0x138954,0x3122c40,cg_objectiveHints,1,1,0,,,,no-literal-source-mention
cgame,0x138968,0x10360e0,cg_woundedNames,1,1,0,,,,no-literal-source-mention
cgame,0x13897c,0x10136e0,cg_drawHUDStats,1,1,0,,,,no-literal-source-mention
cgame,0x138990,0xfadae0,cg_drawBanners,1,1,0,,,src_2.60/cgame/cg_main.c,needs-semantic-audit
cgame,0x1389a4,0x10368c0,cg_artilleryHints,1,1,0,,,,no-literal-source-mention
cgame,0x1389b8,0x1036200,cg_pmSounds,1,1,0,,,src_2.60/cgame/cg_main.c,needs-semantic-audit
cgame,0x1389cc,0x0,cg_etVersion,,66,0,,,src_2.60/cgame/cg_main.c,needs-semantic-audit
qagame,0x2a7e20,0x2e4c420,sv_cheats,0,0,0,0,0,src_2.60/game/g_main.c,needs-semantic-audit
qagame,0x2a7e3c,0x2e41260,gamename,,68,0,0,0,src_2.60/game/g_main.c,needs-semantic-audit
qagame,0x2a7e58,0x0,gamedate,Feb 14 2023,64,0,0,0,src_2.60/game/g_main.c,needs-semantic-audit
qagame,0x2a7e74,0x0,gametime,16:23:19,64,0,0,0,,no-literal-source-mention
qagame,0x2a7e90,0x2e3b2c0,g_restarted,0,64,0,0,0,src_2.60/game/g_main.c;src_2.60/game/g_spawn.c,needs-semantic-audit
qagame,0x2a7eac,0x2e3d240,g_reset,0,64,0,0,0,,no-literal-source-mention
qagame,0x2a7ec8,0x0,sv_mapname,,68,0,0,0,src_2.60/game/g_main.c,needs-semantic-audit
qagame,0x2a7ee4,0x2e3dfc0,g_gametype,4,36,0,0,0,src_2.60/game/g_main.c;src_2.60/game/g_svcmds.c;src_2.60/game/g_utils.c;src_2.60/game/g_vote.c,needs-semantic-audit
qagame,0x2a7f00,0x2e41b60,g_countryflags,0,33,0,0,0,,no-literal-source-mention
qagame,0x2a7f1c,0x2e4b220,g_redlimbotime,30000,36,0,0,0,src_2.60/game/g_main.c;src_2.60/game/g_script_actions.c,needs-semantic-audit
qagame,0x2a7f38,0x2e454c0,g_bluelimbotime,30000,36,0,0,0,src_2.60/game/g_main.c;src_2.60/game/g_script_actions.c,needs-semantic-audit
qagame,0x2a7f54,0x2e39d60,g_medicChargeTime,45000,32,0,0,1,src_2.60/game/g_main.c,needs-semantic-audit
qagame,0x2a7f70,0x2e492a0,g_engineerChargeTime,30000,32,0,0,1,src_2.60/game/g_main.c,needs-semantic-audit
qagame,0x2a7f8c,0x2e44620,g_LTChargeTime,40000,32,0,0,1,src_2.60/game/g_main.c,needs-semantic-audit
qagame,0x2a7fa8,0x2e4b7c0,g_soldierChargeTime,20000,32,0,0,1,src_2.60/game/g_main.c,needs-semantic-audit
qagame,0x2a7fc4,0x2e3c4c0,g_covertopsChargeTime,30000,32,0,0,1,src_2.60/game/g_main.c,needs-semantic-audit
qagame,0x2a7fe0,0x2e4ab60,g_landminetimeout,1,1,0,0,1,src_2.60/game/g_main.c,needs-semantic-audit
qagame,0x2a7ffc,0x2e49ba0,sv_maxclients,20,37,0,0,0,src_2.60/game/g_main.c;src_2.60/game/g_nitmod_weapon_config.c,needs-semantic-audit
qagame,0x2a8018,0x2e45940,g_maxGameClients,0,37,0,0,0,src_2.60/game/g_main.c,needs-semantic-audit
qagame,0x2a8034,0x2e41da0,g_minGameClients,8,4,0,0,0,src_2.60/game/g_main.c;src_2.60/game/g_team.c,needs-semantic-audit
qagame,0x2a8050,0x2e3d360,timelimit,0,1029,0,1,0,src_2.60/game/g_main.c;src_2.60/game/g_script_actions.c;src_2.60/game/g_vote.c,needs-semantic-audit
qagame,0x2a806c,0x2e38920,g_friendlyFire,1,5,0,1,1,src_2.60/game/g_main.c;src_2.60/game/g_vote.c,needs-semantic-audit
qagame,0x2a8088,0x2e3e200,g_teamForceBalance,0,1,0,0,0,src_2.60/game/g_config.c;src_2.60/game/g_main.c;src_2.60/game/g_vote.c,needs-semantic-audit
qagame,0x2a80a4,0x2e46900,g_warmup,60,1,0,1,0,src_2.60/game/g_config.c;src_2.60/game/g_main.c;src_2.60/game/g_referee.c,needs-semantic-audit
qagame,0x2a80c0,0x2e44500,g_doWarmup,0,1,0,1,0,src_2.60/game/g_config.c;src_2.60/game/g_main.c,needs-semantic-audit
qagame,0x2a80dc,0x2e42d60,g_nextTimeLimit,0,2048,0,0,0,src_2.60/game/g_main.c;src_2.60/game/g_match.c;src_2.60/game/g_team.c,needs-semantic-audit
qagame,0x2a80f8,0x2e3e680,g_currentRound,0,2048,0,0,1,src_2.60/game/g_main.c;src_2.60/game/g_match.c;src_2.60/game/g_team.c,needs-semantic-audit
qagame,0x2a8114,0x2e37060,g_altStopwatchMode,0,1,0,1,1,src_2.60/game/g_config.c;src_2.60/game/g_main.c,needs-semantic-audit
qagame,0x2a8130,0x2e467e0,gamestate,-1,2112,0,0,0,src_2.60/game/g_main.c,needs-semantic-audit
qagame,0x2a814c,0x2e47c20,g_noTeamSwitching,0,1,0,1,0,src_2.60/game/g_main.c,needs-semantic-audit
qagame,0x2a8168,0x2e49de0,g_userTimeLimit,0,0,0,0,1,src_2.60/game/g_main.c,needs-semantic-audit
qagame,0x2a8184,0x2e465a0,g_userAlliedRespawnTime,0,0,0,0,1,src_2.60/game/g_main.c,needs-semantic-audit
qagame,0x2a81a0,0x2e3a540,g_userAxisRespawnTime,0,0,0,0,1,src_2.60/game/g_main.c,needs-semantic-audit
qagame,0x2a81bc,0x2e453a0,g_swapteams,0,64,0,0,1,src_2.60/game/g_main.c;src_2.60/game/g_session.c;src_2.60/game/g_svcmds.c,needs-semantic-audit
qagame,0x2a81d8,0x2e4d1a0,g_log,,1,0,0,0,src_2.60/game/g_main.c,needs-semantic-audit
qagame,0x2a81f4,0x2e3ed40,g_logSync,0,1,0,0,0,src_2.60/game/g_main.c,needs-semantic-audit
qagame,0x2a8210,0x2e46000,g_logCrash,crash.log,1,0,0,0,,no-literal-source-mention
qagame,0x2a822c,0x2e3a1e0,g_password,,2,0,0,0,src_2.60/game/g_main.c,needs-semantic-audit
qagame,0x2a8248,0x2e4b8e0,sv_privatepassword,,256,0,0,0,src_2.60/game/g_main.c,needs-semantic-audit
qagame,0x2a8264,0x2e43ae0,g_banIPs,,1,0,0,0,src_2.60/game/g_main.c;src_2.60/game/g_svcmds.c,needs-semantic-audit
qagame,0x2a8280,0x2e4d860,g_filterBan,1,1,0,0,0,src_2.60/game/g_main.c,needs-semantic-audit
qagame,0x2a829c,0x2e43420,dedicated,0,0,0,0,0,src_2.60/game/g_main.c,needs-semantic-audit
qagame,0x2a82b8,0x2e49960,g_speed,320,0,0,1,1,src_2.60/game/g_main.c,needs-semantic-audit
qagame,0x2a82d4,0x2e4bd60,g_gravity,800,0,0,1,1,src_2.60/game/g_main.c;src_2.60/game/g_spawn.c,needs-semantic-audit
qagame,0x2a82f0,0x2e3d6c0,g_knockback,1000,0,0,1,1,src_2.60/game/g_main.c,needs-semantic-audit
qagame,0x2a830c,0x2e4a020,g_needpass,0,68,0,1,0,src_2.60/game/g_main.c,needs-semantic-audit
qagame,0x2a8328,0x2e4c660,g_balancedteams,0,68,0,1,0,src_2.60/game/g_main.c;src_2.60/game/g_vote.c,needs-semantic-audit
qagame,0x2a8344,0x2e3c820,g_forcerespawn,0,0,0,1,0,src_2.60/game/g_main.c,needs-semantic-audit
qagame,0x2a8360,0x2e38da0,g_inactivity,0,0,0,1,0,src_2.60/game/g_config.c;src_2.60/game/g_main.c,needs-semantic-audit
qagame,0x2a837c,0x2e3eb00,g_debugMove,0,0,0,0,0,src_2.60/game/g_main.c,needs-semantic-audit
qagame,0x2a8398,0x2e4a6e0,g_debugDamage,0,512,0,0,0,src_2.60/game/g_main.c,needs-semantic-audit
qagame,0x2a83b4,0x2e38380,g_debugAlloc,0,0,0,0,0,src_2.60/game/g_main.c,needs-semantic-audit
qagame,0x2a83d0,0x2e3fd00,g_debugBullets,0,0,0,0,0,src_2.60/game/g_main.c,needs-semantic-audit
qagame,0x2a83ec,0x2e396a0,voteFlags,0,324,0,0,0,src_2.60/game/g_main.c;src_2.60/game/g_vote.c,needs-semantic-audit
qagame,0x2a8408,0x2e39a00,g_complaintlimit,6,1,0,1,0,src_2.60/game/g_config.c;src_2.60/game/g_main.c,needs-semantic-audit
qagame,0x2a8424,0x2e40720,g_ipcomplaintlimit,3,1,0,1,0,src_2.60/game/g_config.c;src_2.60/game/g_main.c,needs-semantic-audit
qagame,0x2a8440,0x2e4a920,g_filtercams,0,1,0,0,0,src_2.60/game/g_main.c,needs-semantic-audit
qagame,0x2a845c,0x2e42100,g_maxlives,0,37,0,1,0,src_2.60/game/g_config.c;src_2.60/game/g_main.c,needs-semantic-audit
qagame,0x2a8478,0x2e46b40,g_maxlivesRespawnPenalty,0,37,0,1,0,src_2.60/game/g_main.c,needs-semantic-audit
qagame,0x2a8494,0x2e47e60,g_voiceChatsAllowed,4,1,0,0,0,src_2.60/game/g_config.c;src_2.60/game/g_main.c,needs-semantic-audit
qagame,0x2a84b0,0x2e4b580,g_alliedmaxlives,0,36,0,1,0,src_2.60/game/g_main.c,needs-semantic-audit
qagame,0x2a84cc,0x2e4d980,g_axismaxlives,0,36,0,1,0,src_2.60/game/g_main.c,needs-semantic-audit
qagame,0x2a84e8,0x2e4ce40,g_fastres,0,1,0,1,1,src_2.60/game/g_main.c,needs-semantic-audit
qagame,0x2a8504,0x2e42340,g_enforcemaxlives,1,1,0,1,0,src_2.60/game/g_main.c,needs-semantic-audit
qagame,0x2a8520,0x2e44080,developer,0,256,0,0,0,src_2.60/game/g_main.c,needs-semantic-audit
qagame,0x2a853c,0x2e45040,g_userAim,1,512,0,0,0,src_2.60/game/g_main.c,needs-semantic-audit
qagame,0x2a8558,0x2e44740,pmove_fixed,0,8,0,0,0,src_2.60/game/g_main.c,needs-semantic-audit
qagame,0x2a8574,0x2e47320,pmove_msec,8,8,0,0,0,src_2.60/game/g_main.c,needs-semantic-audit
qagame,0x2a8590,0x2e44bc0,g_scriptName,,512,0,0,0,src_2.60/game/g_main.c;src_2.60/game/g_script.c;src_2.60/game/g_script_actions.c,needs-semantic-audit
qagame,0x2a85ac,0x2e4b6a0,g_antilag,1,4,0,0,0,src_2.60/game/g_main.c;src_2.60/game/g_vote.c,needs-semantic-audit
qagame,0x2a85c8,0x0,Players_Axis,,64,0,0,0,,no-literal-source-mention
qagame,0x2a85e4,0x0,Players_Allies,,64,0,0,0,,no-literal-source-mention
qagame,0x2a8600,0x0,P,,64,0,0,0,src_2.60/game/g_main.c;src_2.60/game/g_session.c,needs-semantic-audit
qagame,0x2a861c,0x0,campaign_maps,,64,0,0,0,,no-literal-source-mention
qagame,0x2a8638,0x0,C,,64,0,0,0,src_2.60/game/bg_classes.c;src_2.60/game/g_cmds.c;src_2.60/game/g_cmds_ext.c;src_2.60/game/nitmod_skills.c,needs-semantic-audit
qagame,0x2a8654,0x2e3e440,refereePassword,,0,0,0,0,src_2.60/game/g_main.c,needs-semantic-audit
qagame,0x2a8670,0x2e3d5a0,g_spectatorInactivity,0,0,0,1,0,src_2.60/game/g_main.c,needs-semantic-audit
qagame,0x2a868c,0x2e4daa0,g_inactivityOptions,0,0,0,1,0,src_2.60/game/g_main.c,needs-semantic-audit
qagame,0x2a86a8,0x2e49720,match_latejoin,1,0,0,0,0,src_2.60/game/g_config.c;src_2.60/game/g_main.c,needs-semantic-audit
qagame,0x2a86c4,0x2e426a0,match_minplayers,4,0,0,0,0,src_2.60/game/g_main.c,needs-semantic-audit
qagame,0x2a86e0,0x2e48ac0,match_mutespecs,0,0,0,0,1,src_2.60/game/g_config.c;src_2.60/game/g_main.c;src_2.60/game/g_vote.c,needs-semantic-audit
qagame,0x2a86fc,0x2e3dd80,match_readypercent,100,0,0,0,1,src_2.60/game/g_main.c,needs-semantic-audit
qagame,0x2a8718,0x2e3bce0,match_timeoutcount,3,0,0,0,1,src_2.60/game/g_config.c;src_2.60/game/g_main.c,needs-semantic-audit
qagame,0x2a8734,0x2e3bbc0,match_timeoutlength,180,0,0,0,1,src_2.60/game/g_main.c,needs-semantic-audit
qagame,0x2a8750,0x2e49060,match_warmupDamage,1,0,0,0,0,src_2.60/game/g_config.c;src_2.60/game/g_main.c,needs-semantic-audit
qagame,0x2a876c,0x2e4bc40,server_autoconfig,0,0,0,0,0,src_2.60/game/g_main.c,needs-semantic-audit
qagame,0x2a8788,0x2e438a0,server_motd0,^7N^1!^7tmod,0,0,0,0,src_2.60/game/g_main.c,needs-semantic-audit
qagame,0x2a87a4,0x2e3e0e0,server_motd1,,0,0,0,0,src_2.60/game/g_main.c,needs-semantic-audit
qagame,0x2a87c0,0x2e37f00,server_motd2,,0,0,0,0,src_2.60/game/g_main.c,needs-semantic-audit
qagame,0x2a87dc,0x2e4a4a0,server_motd3,,0,0,0,0,src_2.60/game/g_main.c,needs-semantic-audit
qagame,0x2a87f8,0x2e42460,server_motd4,,0,0,0,0,src_2.60/game/g_main.c,needs-semantic-audit
qagame,0x2a8814,0x2e3cb80,server_motd5,,0,0,0,0,src_2.60/game/g_main.c,needs-semantic-audit
qagame,0x2a8830,0x2e36f40,server_motd6,,0,0,0,0,,no-literal-source-mention
qagame,0x2a884c,0x2e4e4c0,team_panzerRestriction,0,0,0,0,0,src_2.60/game/g_nitmod_weapon_config.c,needs-semantic-audit
qagame,0x2a8868,0x2e46d80,team_maxPanzers,-1,0,0,0,0,src_2.60/game/g_main.c;src_2.60/game/g_nitmod_weapon_config.c,needs-semantic-audit
qagame,0x2a8884,0x2e3b3e0,team_maxMG42s,-1,0,0,0,0,src_2.60/game/g_nitmod_weapon_config.c,needs-semantic-audit
qagame,0x2a88a0,0x2e373c0,team_maxFlamers,-1,0,0,0,0,src_2.60/game/g_nitmod_weapon_config.c,needs-semantic-audit
qagame,0x2a88bc,0x2e3f520,team_maxMortars,-1,0,0,0,0,src_2.60/game/g_nitmod_weapon_config.c,needs-semantic-audit
qagame,0x2a88d8,0x2e48d00,team_maxriflegrenades,-1,0,0,0,0,src_2.60/game/g_nitmod_weapon_config.c,needs-semantic-audit
qagame,0x2a88f4,0x2e4ac80,team_maxSoldiers,-1,0,0,0,0,src_2.60/game/g_main.c,needs-semantic-audit
qagame,0x2a8910,0x2e3af60,team_maxMedics,-1,0,0,0,0,src_2.60/game/g_main.c,needs-semantic-audit
qagame,0x2a892c,0x2e48760,team_maxEngineers,-1,0,0,0,0,src_2.60/game/g_main.c,needs-semantic-audit
qagame,0x2a8948,0x2e4afe0,team_maxFieldops,-1,0,0,0,0,src_2.60/game/g_main.c,needs-semantic-audit
qagame,0x2a8964,0x2e481c0,team_maxCovertops,-1,0,0,0,0,src_2.60/game/g_main.c,needs-semantic-audit
qagame,0x2a8980,0x2e441a0,team_maxplayers,0,0,0,0,0,src_2.60/game/g_config.c;src_2.60/game/g_main.c,needs-semantic-audit
qagame,0x2a899c,0x2e47680,team_nocontrols,1,0,0,0,0,src_2.60/game/g_config.c;src_2.60/game/g_main.c,needs-semantic-audit
qagame,0x2a89b8,0x2e49cc0,vote_allow_comp,1,0,0,0,0,src_2.60/game/bg_misc.c;src_2.60/game/g_main.c,needs-semantic-audit
qagame,0x2a89d4,0x2e43e40,vote_allow_gametype,1,0,0,0,0,src_2.60/game/bg_misc.c;src_2.60/game/g_main.c,needs-semantic-audit
qagame,0x2a89f0,0x2e3bf20,vote_allow_kick,1,0,0,0,0,src_2.60/game/bg_misc.c;src_2.60/game/g_main.c,needs-semantic-audit
qagame,0x2a8a0c,0x2e36d00,vote_allow_map,1,0,0,0,0,src_2.60/game/bg_misc.c;src_2.60/game/g_main.c,needs-semantic-audit
qagame,0x2a8a28,0x2e4ada0,vote_allow_matchreset,1,0,0,0,0,src_2.60/game/bg_misc.c;src_2.60/game/g_main.c,needs-semantic-audit
qagame,0x2a8a44,0x2e38a40,vote_allow_mutespecs,1,0,0,0,0,src_2.60/game/bg_misc.c;src_2.60/game/g_main.c,needs-semantic-audit
qagame,0x2a8a60,0x2e37cc0,vote_allow_nextmap,1,0,0,0,0,src_2.60/game/bg_misc.c;src_2.60/game/g_main.c,needs-semantic-audit
qagame,0x2a8a7c,0x2e37ba0,vote_allow_pub,1,0,0,0,0,src_2.60/game/bg_misc.c;src_2.60/game/g_main.c,needs-semantic-audit
qagame,0x2a8a98,0x2e41a40,vote_allow_referee,0,0,0,0,0,src_2.60/game/bg_misc.c;src_2.60/game/g_main.c,needs-semantic-audit
qagame,0x2a8ab4,0x2e46a20,vote_allow_shuffleteams,1,0,0,0,0,,no-literal-source-mention
qagame,0x2a8ad0,0x2e4cc00,vote_allow_shuffleteams_norestart,1,0,0,0,0,,no-literal-source-mention
qagame,0x2a8aec,0x2e4be80,vote_allow_swapteams,1,0,0,0,0,src_2.60/game/bg_misc.c;src_2.60/game/g_main.c,needs-semantic-audit
qagame,0x2a8b08,0x2e3e8c0,vote_allow_swapteamsrestart,1,0,0,0,0,,no-literal-source-mention
qagame,0x2a8b24,0x2e404e0,vote_allow_friendlyfire,1,0,0,0,0,src_2.60/game/bg_misc.c;src_2.60/game/g_main.c,needs-semantic-audit
qagame,0x2a8b40,0x2e37720,vote_allow_timelimit,0,0,0,0,0,src_2.60/game/bg_misc.c;src_2.60/game/g_main.c,needs-semantic-audit
qagame,0x2a8b5c,0x2e3aae0,vote_allow_warmupdamage,1,0,0,0,0,src_2.60/game/bg_misc.c;src_2.60/game/g_main.c,needs-semantic-audit
qagame,0x2a8b78,0x2e3a300,vote_allow_antilag,1,0,0,0,0,src_2.60/game/bg_misc.c;src_2.60/game/g_main.c,needs-semantic-audit
qagame,0x2a8b94,0x2e39fa0,vote_allow_balancedteams,1,0,0,0,0,src_2.60/game/bg_misc.c;src_2.60/game/g_main.c,needs-semantic-audit
qagame,0x2a8bb0,0x2e470e0,vote_allow_muting,1,0,0,0,0,src_2.60/game/bg_misc.c;src_2.60/game/g_main.c,needs-semantic-audit
qagame,0x2a8bcc,0x2e374e0,vote_allow_surrender,1,0,0,0,0,,no-literal-source-mention
qagame,0x2a8be8,0x2e3b080,vote_allow_restartcampaign,1,0,0,0,0,,no-literal-source-mention
qagame,0x2a8c04,0x2e3b980,vote_allow_nextcampaign,1,0,0,0,0,,no-literal-source-mention
qagame,0x2a8c20,0x2e3f2e0,vote_allow_poll,1,0,0,0,0,,no-literal-source-mention
qagame,0x2a8c3c,0x2e47200,vote_allow_maprestart,1,0,0,0,0,,no-literal-source-mention
qagame,0x2a8c58,0x2e46fc0,vote_limit,3,0,0,0,0,src_2.60/game/g_config.c;src_2.60/game/g_main.c,needs-semantic-audit
qagame,0x2a8c74,0x2e38ec0,vote_percent,50,0,0,0,0,src_2.60/game/g_main.c,needs-semantic-audit
qagame,0x2a8c90,0x2e45b80,z_serverflags,0,0,0,0,0,src_2.60/game/g_main.c;src_2.60/game/g_match.c,needs-semantic-audit
qagame,0x2a8cac,0x2e44980,g_debugConstruct,0,512,0,0,0,src_2.60/game/g_main.c,needs-semantic-audit
qagame,0x2a8cc8,0x2da0b20,g_scriptDebug,0,512,0,0,0,src_2.60/game/g_main.c;src_2.60/game/g_script.c,needs-semantic-audit
qagame,0x2a8ce4,0x2e39580,g_scriptDebugLevel,0,512,0,0,0,src_2.60/game/g_main.c;src_2.60/game/g_script_actions.c,needs-semantic-audit
qagame,0x2a8d00,0x2e45ca0,g_movespeed,76,512,0,0,0,src_2.60/game/g_main.c,needs-semantic-audit
qagame,0x2a8d1c,0x2e40180,g_lms_teamForceBalance,1,1,0,0,0,src_2.60/game/g_config.c;src_2.60/game/g_main.c;src_2.60/game/g_vote.c,needs-semantic-audit
qagame,0x2a8d38,0x2e49180,g_lms_roundlimit,3,1,0,0,0,src_2.60/game/g_main.c,needs-semantic-audit
qagame,0x2a8d54,0x2e3f0a0,g_lms_matchlimit,2,1,0,0,0,src_2.60/game/g_main.c,needs-semantic-audit
qagame,0x2a8d70,0x2e3db40,g_lms_currentMatch,0,64,0,0,1,src_2.60/game/g_main.c;src_2.60/game/g_match.c,needs-semantic-audit
qagame,0x2a8d8c,0x2e3d7e0,g_lms_lockTeams,0,1,0,0,0,src_2.60/game/g_main.c,needs-semantic-audit
qagame,0x2a8da8,0x2e385c0,g_lms_followTeamOnly,1,1,0,0,0,src_2.60/game/g_main.c,needs-semantic-audit
qagame,0x2a8dc4,0x2e443e0,g_axiswins,0,64,0,0,1,src_2.60/game/g_main.c;src_2.60/game/g_match.c,needs-semantic-audit
qagame,0x2a8de0,0x2e48520,g_alliedwins,0,64,0,0,1,src_2.60/game/g_main.c;src_2.60/game/g_match.c,needs-semantic-audit
qagame,0x2a8dfc,0x2e372a0,g_axismapxp,0,64,0,0,1,src_2.60/game/g_main.c,needs-semantic-audit
qagame,0x2a8e18,0x2e48e20,g_alliedmapxp,0,64,0,0,1,src_2.60/game/g_main.c,needs-semantic-audit
qagame,0x2a8e34,0x2e3ee60,g_oldCampaign,,64,0,0,0,src_2.60/game/g_main.c;src_2.60/game/g_svcmds.c;src_2.60/game/g_utils.c,needs-semantic-audit
qagame,0x2a8e50,0x2e415c0,g_currentCampaign,,2112,0,0,0,src_2.60/game/g_main.c;src_2.60/game/g_svcmds.c;src_2.60/game/g_utils.c,needs-semantic-audit
qagame,0x2a8e6c,0x2e47d40,g_currentCampaignMap,0,2112,0,0,0,src_2.60/game/g_main.c;src_2.60/game/g_svcmds.c;src_2.60/game/g_utils.c,needs-semantic-audit
qagame,0x2a8e88,0x2e37840,g_debugSkills,0,0,0,0,0,src_2.60/game/g_main.c,needs-semantic-audit
qagame,0x2a8ea4,0x2e3f760,g_heavyWeaponRestriction,100,5,0,0,0,src_2.60/game/g_main.c;src_2.60/game/g_nitmod_weapon_config.c,needs-semantic-audit
qagame,0x2a8ec0,0x2e39e80,g_autoFireteams,1,1,0,0,0,src_2.60/game/g_main.c,needs-semantic-audit
qagame,0x2a8edc,0x2e37de0,nextmap,,256,0,0,0,src_2.60/game/g_main.c;src_2.60/game/g_vote.c,needs-semantic-audit
qagame,0x2a8ef8,0x2e4c0c0,nextcampaign,,256,0,0,0,src_2.60/game/g_main.c;src_2.60/game/g_vote.c,needs-semantic-audit
qagame,0x2a8f14,0x2e4e040,g_disableComplaints,0,1,0,0,0,src_2.60/game/g_main.c,needs-semantic-audit
qagame,0x2a8f30,0x2e493c0,g_playDead,1,0,0,0,0,,no-literal-source-mention
qagame,0x2a8f4c,0x2e48880,g_shove,80,0,0,0,0,src_2.60/game/g_main.c,needs-semantic-audit
qagame,0x2a8f68,0x2e3da20,g_dragCorpse,1,0,0,0,0,src_2.60/game/g_main.c,needs-semantic-audit
qagame,0x2a8f84,0x2e41140,g_classChange,0,0,0,0,0,,no-literal-source-mention
qagame,0x2a8fa0,0x2e4d500,g_forceLimboHealth,75,0,0,0,0,,no-literal-source-mention
qagame,0x2a8fbc,0x2e3c5e0,g_privateMessages,1,0,0,0,0,,no-literal-source-mention
qagame,0x2a8fd8,0x2e3b1a0,g_XPSave,15,0,0,0,0,,no-literal-source-mention
qagame,0x2a8ff4,0x2e431e0,g_XPSaveMaxAge,86400,0,0,0,0,,no-literal-source-mention
qagame,0x2a9010,0x2e397c0,g_fieldOps,0,0,0,0,0,,no-literal-source-mention
qagame,0x2a902c,0x2e4a260,g_goomba,10,0,0,0,0,,no-literal-source-mention
qagame,0x2a9048,0x2e3f880,g_spawnInvul,3,0,0,0,0,src_2.60/game/g_main.c,needs-semantic-audit
qagame,0x2a9064,0x2e39220,g_teamChangeKills,1,0,0,0,0,,no-literal-source-mention
qagame,0x2a9080,0x2e47f80,g_logAdmin,,0,0,0,0,,no-literal-source-mention
qagame,0x2a909c,0x2e47b00,team_maxLandmines,10,0,0,0,0,src_2.60/game/g_main.c,needs-semantic-audit
qagame,0x2a90b8,0x2e4a140,g_mapConfigs,,0,0,0,0,,no-literal-source-mention
qagame,0x2a90d4,0x2e40060,g_customConfig,,0,0,0,0,,no-literal-source-mention
qagame,0x2a90f0,0x2e3cee0,g_dropHealth,0,0,0,0,0,src_2.60/game/g_main.c,needs-semantic-audit
qagame,0x2a910c,0x2e45dc0,g_dropAmmo,0,0,0,0,0,src_2.60/game/g_main.c,needs-semantic-audit
qagame,0x2a9128,0x2e4aec0,g_intermissionTime,60,0,0,0,0,src_2.60/game/g_main.c,needs-semantic-audit
qagame,0x2a9144,0x2e49a80,g_intermissionReadyPercent,100,0,0,0,0,src_2.60/game/g_main.c,needs-semantic-audit
qagame,0x2a9160,0x2e39460,g_defaultMute,3600,0,0,0,0,,no-literal-source-mention
qagame,0x2a917c,0x2e480a0,g_debugHitboxes,0,0,0,0,0,,no-literal-source-mention
qagame,0x2a9198,0x2e3a660,g_debugPlayerHitboxes,0,0,0,0,0,,no-literal-source-mention
qagame,0x2a91b4,0x2e37960,g_voting,1,0,0,0,0,,no-literal-source-mention
qagame,0x2a91d0,0x2e4d080,g_moverScale,1.0,0,0,0,0,,no-literal-source-mention
qagame,0x2a91ec,0x2e49f00,g_ammoCabinetTime,60000,0,0,0,0,src_2.60/game/g_main.c,needs-semantic-audit
qagame,0x2a9208,0x2e489a0,g_healthCabinetTime,10000,0,0,0,0,src_2.60/game/g_main.c,needs-semantic-audit
qagame,0x2a9224,0x2e48640,g_maxWarp,4,0,0,0,0,,no-literal-source-mention
qagame,0x2a9240,0x2e41ec0,g_antiwarp,1,0,0,0,0,,no-literal-source-mention
qagame,0x2a925c,0x2e38260,g_goombaFlags,25,0,0,0,0,,no-literal-source-mention
qagame,0x2a9278,0x2e41020,g_shoveNoZ,0,0,0,0,0,src_2.60/game/g_main.c,needs-semantic-audit
qagame,0x2a9294,0x2e4dce0,g_mapScriptDirectory,,0,0,0,0,,no-literal-source-mention
qagame,0x2a92b0,0x2e3c700,g_campaignFile,,0,0,0,0,,no-literal-source-mention
qagame,0x2a92cc,0x2e38fe0,g_fear,2000,0,0,0,0,,no-literal-source-mention
qagame,0x2a92e8,0x2e40de0,g_shortcuts,1,0,0,0,0,,no-literal-source-mention
qagame,0x2a9304,0x2e3a8a0,g_XPDecay,0,0,0,0,0,,no-literal-source-mention
qagame,0x2a9320,0x2e45280,g_XPDecayRate,0.0,0,0,0,0,,no-literal-source-mention
qagame,0x2a933c,0x2e3e320,g_XPDecayFloor,0,0,0,0,0,,no-literal-source-mention
qagame,0x2a9358,0x2e40f00,g_censor,,0,0,0,0,,no-literal-source-mention
qagame,0x2a9374,0x2e4df20,g_censorNames,,0,0,0,0,,no-literal-source-mention
qagame,0x2a9390,0x2e40600,g_censorPenalty,1,0,0,0,0,,no-literal-source-mention
qagame,0x2a93ac,0x2e38c80,g_censorMuteTime,0,0,0,0,0,,no-literal-source-mention
qagame,0x2a93c8,0x2e3d000,g_maxXP,-1,0,0,0,0,,no-literal-source-mention
qagame,0x2a93e4,0x2e3ca60,g_slashKill,0,0,0,0,0,,no-literal-source-mention
qagame,0x2a9400,0x2e45a60,skill_soldier,20 50 90 140 200,0,0,0,0,,no-literal-source-mention
qagame,0x2a941c,0x2e4a380,skill_medic,20 50 90 140 200,0,0,0,0,,no-literal-source-mention
qagame,0x2a9438,0x2e43d20,skill_engineer,20 50 90 140 200,0,0,0,0,,no-literal-source-mention
qagame,0x2a9454,0x2e46ea0,skill_fieldops,20 50 90 140 200,0,0,0,0,,no-literal-source-mention
qagame,0x2a9470,0x2e479e0,skill_covertops,20 50 90 140 200,0,0,0,0,,no-literal-source-mention
qagame,0x2a948c,0x2e416e0,skill_battlesense,20 50 90 140 200,0,0,0,0,,no-literal-source-mention
qagame,0x2a94a8,0x2e38b60,skill_lightweapons,20 50 90 140 200,0,0,0,0,,no-literal-source-mention
qagame,0x2a94c4,0x2e44ce0,sv_fps,20,8,0,0,0,src_2.60/game/g_antilag.c;src_2.60/game/g_config.c,needs-semantic-audit
qagame,0x2a94e0,0x2e3b500,g_truePing,0,0,0,0,0,,no-literal-source-mention
qagame,0x2a94fc,0x2e4c9c0,g_skipCorrection,1,0,0,0,0,,no-literal-source-mention
qagame,0x2a9518,0x2e403c0,sv_privateClients,0,8,0,0,0,src_2.60/game/g_active.c,needs-semantic-audit
qagame,0x2a9534,0x2e3c940,g_teamDamageRestriction,0,0,0,0,0,,no-literal-source-mention
qagame,0x2a9550,0x2e4d620,g_minHits,6,0,0,0,0,,no-literal-source-mention
qagame,0x2a956c,0x2e494e0,g_autoTempBan,0,0,0,0,0,,no-literal-source-mention
qagame,0x2a9588,0x2e439c0,g_autoTempBanTime,1800,0,0,0,0,,no-literal-source-mention
qagame,0x2a95a4,0x2e3ae40,g_poison,0,0,0,0,0,,no-literal-source-mention
qagame,0x2a95c0,0x2e3e7a0,g_drawAttackerHP,1,0,0,0,0,,no-literal-source-mention
qagame,0x2a95dc,0x2e44860,g_medics,0,0,0,0,0,src_2.60/game/g_nitmod_weapon_config.c,needs-semantic-audit
qagame,0x2a95f8,0x2e3d900,g_msgs,0,0,0,0,0,,no-literal-source-mention
qagame,0x2a9614,0x2e46240,g_msgpos,0,0,0,0,0,,no-literal-source-mention
qagame,0x2a9630,0x2e38140,team_airstrikeTime,10,0,0,0,0,,no-literal-source-mention
qagame,0x2a964c,0x2e42fa0,team_artyTime,10,0,0,0,0,,no-literal-source-mention
qagame,0x2a9668,0x2e37a80,g_constructiblexpsharing,0,0,0,0,0,,no-literal-source-mention
qagame,0x2a9684,0x2e45820,g_asblock,0,0,0,0,0,,no-literal-source-mention
qagame,0x2a96a0,0x2e39340,g_canisterKick,0,0,0,0,0,src_2.60/game/g_main.c,needs-semantic-audit
qagame,0x2a96bc,0x2e4ba00,g_canisterKickOwner,0,0,0,0,0,src_2.60/game/g_main.c,needs-semantic-audit
qagame,0x2a96d8,0x2e4c1e0,mod_version,2.3.5,68,0,0,0,,no-literal-source-mention
qagame,0x2a96f4,0x2e4c1e0,mod_build,linux-i386,68,0,0,0,,no-literal-source-mention
qagame,0x2a9710,0x2e49840,mod_url,etmods.net,68,0,0,0,src_2.60/game/g_main.c,needs-semantic-audit
qagame,0x2a972c,0x2e49600,g_doubleJump,0,0,0,0,0,src_2.60/game/g_main.c,needs-semantic-audit
qagame,0x2a9748,0x2e43660,g_DJHeight,1.4,0,0,0,0,src_2.60/game/g_main.c,needs-semantic-audit
qagame,0x2a9764,0x2e3c040,g_maxLevelLightWeapons,6,0,0,0,0,,no-literal-source-mention
qagame,0x2a9780,0x2e48be0,g_maxLevelBattleSense,6,0,0,0,0,,no-literal-source-mention
qagame,0x2a979c,0x2e43540,g_maxLevelSoldier,6,0,0,0,0,,no-literal-source-mention
qagame,0x2a97b8,0x2e455e0,g_maxLevelMedic,6,0,0,0,0,,no-literal-source-mention
qagame,0x2a97d4,0x2e4bfa0,g_maxLevelEngineer,6,0,0,0,0,,no-literal-source-mention
qagame,0x2a97f0,0x2e477a0,g_maxLevelFieldOp,6,0,0,0,0,,no-literal-source-mention
qagame,0x2a980c,0x2e41380,g_maxLevelCovertOp,6,0,0,0,0,,no-literal-source-mention
qagame,0x2a9828,0x2e386e0,g_weaponItems,1,0,0,0,0,,no-literal-source-mention
qagame,0x2a9844,0x2e36be0,g_rockets,0,0,0,0,0,,no-literal-source-mention
qagame,0x2a9860,0x2e40cc0,g_skills,0,0,0,0,0,,no-literal-source-mention
qagame,0x2a987c,0x2e414a0,g_missileCams,0,0,0,0,0,,no-literal-source-mention
qagame,0x2a9898,0x2e41fe0,g_war,0,0,0,0,0,src_2.60/game/g_nitmod_weapon_config.c;src_2.60/game/g_team.c;src_2.60/game/g_weapon.c,needs-semantic-audit
qagame,0x2a98b4,0x2e4b340,g_throwDistance,75,0,0,0,0,,no-literal-source-mention
qagame,0x2a98d0,0x2e42e80,g_realHead,1,0,0,0,0,,no-literal-source-mention
qagame,0x2a98ec,0x2e4cae0,g_missileSpeed,0,0,0,0,0,,no-literal-source-mention
qagame,0x2a9908,0x2e3c160,g_missileHealth,5,0,0,0,0,,no-literal-source-mention
qagame,0x2a9924,0x2e3a0c0,g_mortarBBox,0,0,0,0,0,,no-literal-source-mention
qagame,0x2a9940,0x2e398e0,g_maxMapsVotedFor,6,0,0,0,0,,no-literal-source-mention
qagame,0x2a995c,0x2e4b100,g_minMapAge,3,0,0,0,0,,no-literal-source-mention
qagame,0x2a9978,0x2e3a780,g_mapVoteFlags,0,0,0,0,0,,no-literal-source-mention
qagame,0x2a9994,0x2e41800,g_excludedMaps,,0,0,0,0,,no-literal-source-mention
qagame,0x2a99b0,0x2e37600,g_resetXPMapCount,0,0,0,0,0,,no-literal-source-mention
qagame,0x2a99cc,0x2e46c60,g_TDMScore,500,0,0,0,0,,no-literal-source-mention
qagame,0x2a99e8,0x2e38020,g_flushItems,1,0,0,0,0,,no-literal-source-mention
qagame,0x2a9a04,0x2e369a0,g_announcer,127,0,0,0,0,src_2.60/game/g_nitmod_config.c,needs-semantic-audit
qagame,0x2a9a20,0x2e44aa0,g_multikillTime,2000,0,0,0,0,,no-literal-source-mention
qagame,0x2a9a3c,0x2e40a80,g_headshot,0,0,0,0,0,,no-literal-source-mention
qagame,0x2a9a58,0x2e45ee0,g_weaponScriptsDir,,0,0,0,0,,no-literal-source-mention
qagame,0x2a9a74,0x2e4e160,g_missileGravity,0,0,0,0,0,,no-literal-source-mention
qagame,0x2a9a90,0x2e43f60,g_fixedphysics,0,5,0,0,0,,no-literal-source-mention
qagame,0x2a9aac,0x2e46360,g_fixedphysicsfps,125,5,0,0,0,,no-literal-source-mention
qagame,0x2a9ac8,0x2e48400,g_adrenaline,0,0,0,0,0,,no-literal-source-mention
qagame,0x2a9ae4,0x2e3ef80,g_adrenClasses,2,0,0,0,0,,no-literal-source-mention
qagame,0x2a9b00,0x2e4de00,omnibot_path,,1025,0,0,0,,no-literal-source-mention
qagame,0x2a9b1c,0x2e42220,omnibot_enable,0,9217,0,0,0,,no-literal-source-mention
qagame,0x2a9b38,0x2e3e560,omnibot_playing,0,8256,0,0,0,,no-literal-source-mention
qagame,0x2a9b54,0x2e3cca0,omnibot_flags,0,1025,0,0,0,src_2.60/game/g_main.c,needs-semantic-audit
qagame,0x2a9b70,0x2e4a5c0,g_noAttackInvul,0,0,0,0,0,,no-literal-source-mention
qagame,0x2a9b8c,0x0,ip_max_clients,3,0,0,0,0,,no-literal-source-mention
qagame,0x2a9ba8,0x2e3dc60,g_damageweapons,0,0,0,0,0,src_2.60/game/g_main.c,needs-semantic-audit
qagame,0x2a9bc4,0x2e3a420,g_floodprotect,1,0,0,0,0,,no-literal-source-mention
qagame,0x2a9be0,0x2e42b20,g_floodthreshold,6,0,0,0,0,,no-literal-source-mention
qagame,0x2a9bfc,0x2e3fe20,g_floodWait,1000,0,0,0,0,,no-literal-source-mention
qagame,0x2a9c18,0x2e42c40,lua_modules,,0,0,0,0,,no-literal-source-mention
qagame,0x2a9c34,0x2e402a0,lua_allowedModules,,0,0,0,0,,no-literal-source-mention
qagame,0x2a9c50,0x2e3e9e0,g_pickAnyWeapon,0,0,0,0,0,src_2.60/game/g_nitmod_weapon_config.c,needs-semantic-audit
qagame,0x2a9c6c,0x2e3ac00,g_noReload,0,0,0,0,0,,no-literal-source-mention
qagame,0x2a9c88,0x2e3fbe0,g_noCharge,0,0,0,0,0,,no-literal-source-mention
qagame,0x2a9ca4,0x2e3ff40,g_instantSpawn,0,0,0,0,0,,no-literal-source-mention
qagame,0x2a9cc0,0x2e45160,g_revenge,0,0,0,0,0,,no-literal-source-mention
qagame,0x2a9cdc,0x2e3b740,g_autoQuitDelay,0,0,0,0,0,,no-literal-source-mention
qagame,0x2a9cf8,0x2e39b20,g_realBody,0,0,0,0,0,,no-literal-source-mention
qagame,0x2a9d14,0x2e4d3e0,g_weapons,0,0,0,0,0,src_2.60/game/g_nitmod_weapon_config.c,needs-semantic-audit
qagame,0x2a9d30,0x2e3f400,g_dualSMG,0,0,0,0,0,,no-literal-source-mention
qagame,0x2a9d4c,0x2e482e0,g_dropObj,0,0,0,0,0,,no-literal-source-mention
qagame,0x2a9d68,0x2e38800,g_secureShrubPassword,,0,0,0,0,,no-literal-source-mention
qagame,0x2a9d84,0x2e4d740,g_GUIDChecks,1,0,0,0,0,,no-literal-source-mention
qagame,0x2a9da0,0x2e442c0,g_IPChecks,1,0,0,0,0,,no-literal-source-mention
qagame,0x2a9dbc,0x2e3c3a0,shoutcastPassword,,0,0,0,0,,no-literal-source-mention
qagame,0x2a9dd8,0x2e3fac0,g_ettv_flags,3,0,0,0,0,,no-literal-source-mention
qagame,0x2a9df4,0x2e3cdc0,g_DMFragLimit,25,0,0,0,0,,no-literal-source-mention
qagame,0x2a9e10,0x2e3f640,g_TDMOptions,0,0,0,0,0,,no-literal-source-mention
qagame,0x2a9e2c,0x2e47440,g_DMOptions,0,0,0,0,0,,no-literal-source-mention
qagame,0x2a9e48,0x2e44f20,g_TDMObjBonus,100,0,0,0,0,,no-literal-source-mention
qagame,0x2a9e64,0x2e36ac0,g_misc,0,0,0,0,0,,no-literal-source-mention
qagame,0x2a9e80,0x2e4c780,team_maxTripmines,5,0,0,0,0,,no-literal-source-mention
qagame,0x2a9e9c,0x2e3ec20,g_spectatorNames,0,0,0,0,0,,no-literal-source-mention
qagame,0x2a9eb8,0x2e427c0,g_teamChangeDelay,0,0,0,0,0,,no-literal-source-mention
qagame,0x2a9ed4,0x2e3f9a0,n_SQLiteDBPath,,0,0,0,0,,no-literal-source-mention
qagame,0x2a9ef0,0x2e44e00,n_userMail,1,0,0,0,0,,no-literal-source-mention
qagame,0x2a9f0c,0x2e40960,n_proneDelay,0,0,0,0,0,,no-literal-source-mention
qagame,0x2a9f28,0x2e3a9c0,n_mapRecords,1,0,0,0,0,,no-literal-source-mention
qagame,0x2a9f44,0x2e3b620,n_allowDropWeapon,0,0,0,0,0,,no-literal-source-mention
qagame,0x2a9f60,0x2e43780,n_UserDBSync,0,0,0,0,0,,no-literal-source-mention
qagame,0x2a9f7c,0x2e40840,n_sniperWarOptions,7,0,0,0,0,,no-literal-source-mention
qagame,0x2a9f98,0x2e384a0,n_dynamiteTimer,30000,0,0,0,0,,no-literal-source-mention
qagame,0x2a9fb4,0x2e48f40,n_medPackSinkDelay,30000,0,0,0,0,src_2.60/game/g_main.c,needs-semantic-audit
qagame,0x2a9fd0,0x2e4c540,n_ammoPackSinkDelay,30000,0,0,0,0,src_2.60/game/g_main.c,needs-semantic-audit
qagame,0x2a9fec,0x2e41c80,n_preciseLandmineTrigger,0,1,0,0,0,src_2.60/game/g_main.c,needs-semantic-audit
qagame,0x2aa008,0x2e39100,g_hitboxes,0,0,0,0,0,,no-literal-source-mention
qagame,0x2aa024,0x2e39c40,n_tripmineTimeout,1,1,0,0,0,,no-literal-source-mention
qagame,0x2aa040,0x2e3dea0,sv_NxAC,0,1100,0,0,0,,no-literal-source-mention
qagame,0x2aa05c,0x2e478c0,n_NxAC,2,33,0,0,0,,no-literal-source-mention
qagame,0x2aa078,0x2e43c00,n_NxAC_CvarScan,0,1,0,0,0,,no-literal-source-mention
qagame,0x2aa094,0x2e3c280,n_NxAC_CvarScanWait,10000,1,0,0,0,,no-literal-source-mention
qagame,0x2aa0b0,0x2e4b460,n_NxAC_CvarScanDelay,750,1,0,0,0,,no-literal-source-mention
qagame,0x2aa0cc,0x2e40ba0,n_NxAC_CvarScanInterval,300000,1,0,0,0,,no-literal-source-mention
qagame,0x2aa0e8,0x2e3d120,n_NxAC_CheckClientBinary,0,1,0,0,0,,no-literal-source-mention
qagame,0x2aa104,0x2e4c300,n_NxAC_CvarScanMaxWarnings,1,1,0,0,0,,no-literal-source-mention
qagame,0x2aa120,0x2e4bb20,n_crazyGravity,0,1,0,0,0,,no-literal-source-mention
qagame,0x2aa13c,0x2e43300,n_crazyGravityMin,50,1,0,0,0,,no-literal-source-mention
qagame,0x2aa158,0x2e430c0,n_crazyGravityMax,1000,1,0,0,0,,no-literal-source-mention
qagame,0x2aa174,0x2e4aa40,n_crazyGravityInterval,30000,1,0,0,0,,no-literal-source-mention
qagame,0x2aa190,0x2e466c0,n_minNameLength,0,1,0,0,0,,no-literal-source-mention
qagame,0x2aa1ac,0x2e46120,n_reviveSpreeOptions,1,1,0,0,0,,no-literal-source-mention
qagame,0x2aa1c8,0x2e41920,n_multiReviveTime,2000,1,0,0,0,,no-literal-source-mention
qagame,0x2aa1e4,0x2e47560,n_LogCurrentTime,0,1,0,0,0,,no-literal-source-mention
qagame,0x2aa200,0x2e3be00,developer,0,512,0,0,0,src_2.60/game/g_main.c,needs-semantic-audit
qagame,0x2aa21c,0x2e42580,n_crouchStandDelay,0,1,0,0,0,,no-literal-source-mention
qagame,0x2aa238,0x2e36e20,n_standCrouchDelay,0,1,0,0,0,,no-literal-source-mention
qagame,0x2aa254,0x2e45700,n_tankMountDelay,0,1,0,0,0,,no-literal-source-mention
qagame,0x2aa270,0x2e3b860,n_noSkillUpgrades,0,1,0,0,0,,no-literal-source-mention
qagame,0x2aa28c,0x2e4e280,n_killAssistances,1,1,0,0,0,,no-literal-source-mention
qagame,0x2aa2a8,0x2e4cd20,n_greetingPos,0,1,0,0,0,,no-literal-source-mention
qagame,0x2aa2c4,0x2e37180,n_classesMaxHP,0 0 0 0 0,1,0,0,0,,no-literal-source-mention
qagame,0x2aa2e0,0x2e46480,n_voteMaxTimelimit,0,1,0,0,0,,no-literal-source-mention
qagame,0x2aa2fc,0x2e4cf60,g_artilleryHints,1,1,0,0,0,,no-literal-source-mention
qagame,0x2aa318,0x2e4c8a0,humans,0,9280,0,0,0,,no-literal-source-mention
ui,0x57d40,0x384e60,ui_glCustom,4,1,0,,,src_2.60/ui/ui_main.c,needs-semantic-audit
ui,0x57d54,0x3823a0,ui_ffa_fraglimit,20,1,0,,,src_2.60/ui/ui_main.c,needs-semantic-audit
ui,0x57d68,0x384440,ui_ffa_timelimit,0,1,0,,,src_2.60/ui/ui_main.c,needs-semantic-audit
ui,0x57d7c,0x382040,ui_team_fraglimit,0,1,0,,,src_2.60/ui/ui_main.c,needs-semantic-audit
ui,0x57d90,0x384d40,ui_team_timelimit,20,1,0,,,src_2.60/ui/ui_main.c,needs-semantic-audit
ui,0x57da4,0x387b60,ui_team_friendly,1,1,0,,,src_2.60/ui/ui_main.c,needs-semantic-audit
ui,0x57db8,0x382700,ui_ctf_capturelimit,8,1,0,,,src_2.60/ui/ui_main.c,needs-semantic-audit
ui,0x57dcc,0x382160,ui_ctf_timelimit,30,1,0,,,src_2.60/ui/ui_main.c,needs-semantic-audit
ui,0x57de0,0x383d80,ui_ctf_friendly,0,1,0,,,src_2.60/ui/ui_main.c,needs-semantic-audit
ui,0x57df4,0x387c80,g_friendlyFire,1,1,0,,,src_2.60/ui/ui_main.c,needs-semantic-audit
ui,0x57e08,0x387920,ui_userTimeLimit,0,0,0,,,src_2.60/ui/ui_main.c,needs-semantic-audit
ui,0x57e1c,0x385f40,ui_userAlliedRespawnTime,0,0,0,,,src_2.60/ui/ui_main.c,needs-semantic-audit
ui,0x57e30,0x3848c0,ui_userAxisRespawnTime,0,0,0,,,src_2.60/ui/ui_main.c,needs-semantic-audit
ui,0x57e44,0x384680,ui_teamArenaFirstRun,0,1,0,,,src_2.60/ui/ui_main.c,needs-semantic-audit
ui,0x57e58,0x381980,ui_spSelection,,64,0,,,src_2.60/ui/ui_main.c,needs-semantic-audit
ui,0x57e6c,0x384320,ui_master,0,1,0,,,src_2.60/ui/ui_main.c,needs-semantic-audit
ui,0x57e80,0x387da0,cg_brassTime,2500,1,0,,,src_2.60/ui/ui_main.c,needs-semantic-audit
ui,0x57e94,0x3e0080,cg_drawCrosshair,4,1,0,,,src_2.60/ui/ui_main.c,needs-semantic-audit
ui,0x57ea8,0x3813e0,cg_drawCrosshairNames,1,1,0,,,src_2.60/ui/ui_main.c,needs-semantic-audit
ui,0x57ebc,0x387380,cg_drawCrosshairPickups,1,1,0,,,src_2.60/ui/ui_main.c,needs-semantic-audit
ui,0x57ed0,0x3835a0,cg_marktime,20000,1,0,,,src_2.60/ui/ui_main.c,needs-semantic-audit
ui,0x57ee4,0x384b00,cg_autoactivate,1,1,0,,,src_2.60/ui/ui_main.c,needs-semantic-audit
ui,0x57ef8,0x385880,server1,,1,0,,,src_2.60/ui/ui_main.c,needs-semantic-audit
ui,0x57f0c,0x3812c0,server2,,1,0,,,src_2.60/ui/ui_main.c,needs-semantic-audit
ui,0x57f20,0x3859a0,server3,,1,0,,,src_2.60/ui/ui_main.c,needs-semantic-audit
ui,0x57f34,0x3811a0,server4,,1,0,,,src_2.60/ui/ui_main.c,needs-semantic-audit
ui,0x57f48,0x385ac0,server5,,1,0,,,src_2.60/ui/ui_main.c,needs-semantic-audit
ui,0x57f5c,0x380f60,server6,,1,0,,,src_2.60/ui/ui_main.c,needs-semantic-audit
ui,0x57f70,0x385520,server7,,1,0,,,src_2.60/ui/ui_main.c,needs-semantic-audit
ui,0x57f84,0x381ce0,server8,,1,0,,,src_2.60/ui/ui_main.c,needs-semantic-audit
ui,0x57f98,0x385e20,server9,,1,0,,,src_2.60/ui/ui_main.c,needs-semantic-audit
ui,0x57fac,0x385400,server10,,1,0,,,src_2.60/ui/ui_main.c,needs-semantic-audit
ui,0x57fc0,0x3e0500,server11,,1,0,,,src_2.60/ui/ui_main.c,needs-semantic-audit
ui,0x57fd4,0x3852e0,server12,,1,0,,,src_2.60/ui/ui_main.c,needs-semantic-audit
ui,0x57fe8,0x380c00,server13,,1,0,,,src_2.60/ui/ui_main.c,needs-semantic-audit
ui,0x57ffc,0x385760,server14,,1,0,,,src_2.60/ui/ui_main.c,needs-semantic-audit
ui,0x58010,0x380e40,server15,,1,0,,,src_2.60/ui/ui_main.c,needs-semantic-audit
ui,0x58024,0x385640,server16,,1,0,,,src_2.60/ui/ui_main.c,needs-semantic-audit
ui,0x58038,0x382820,ui_dedicated,0,1,0,,,src_2.60/ui/ui_main.c,needs-semantic-audit
ui,0x5804c,0x386cc0,ui_netSource,1,1,0,,,src_2.60/ui/ui_main.c,needs-semantic-audit
ui,0x58060,0x384560,ui_menuFiles,ui/menus.txt,1,0,,,src_2.60/ui/ui_main.c,needs-semantic-audit
ui,0x58074,0x381aa0,ui_gametype,3,1,0,,,src_2.60/ui/ui_main.c,needs-semantic-audit
ui,0x58088,0x381f20,ui_joinGametype,-1,1,0,,,src_2.60/ui/ui_main.c,needs-semantic-audit
ui,0x5809c,0x381860,ui_netGametype,4,1,0,,,src_2.60/ui/ui_main.c,needs-semantic-audit
ui,0x580b0,0x384c20,ui_mapIndex,0,1,0,,,src_2.60/ui/ui_main.c,needs-semantic-audit
ui,0x580c4,0x3864e0,ui_currentMap,0,1,0,,,src_2.60/ui/ui_main.c,needs-semantic-audit
ui,0x580d8,0x384200,ui_currentNetMap,0,1,0,,,src_2.60/ui/ui_main.c,needs-semantic-audit
ui,0x580ec,0x383000,ui_browserMaster,0,1,0,,,src_2.60/ui/ui_main.c,needs-semantic-audit
ui,0x58100,0x386de0,ui_browserGameType,0,1,0,,,src_2.60/ui/ui_main.c,needs-semantic-audit
ui,0x58114,0x3e02c0,ui_browserSortKey,4,1,0,,,src_2.60/ui/ui_main.c,needs-semantic-audit
ui,0x58128,0x384f80,ui_browserShowEmptyOrFull,0,1,0,,,src_2.60/ui/ui_main.c,needs-semantic-audit
ui,0x5813c,0x383c60,ui_browserShowPasswordProtected,0,1,0,,,src_2.60/ui/ui_main.c,needs-semantic-audit
ui,0x58150,0x3825e0,ui_browserShowFriendlyFire,0,1,0,,,src_2.60/ui/ui_main.c,needs-semantic-audit
ui,0x58164,0x386a80,ui_browserShowMaxlives,0,1,0,,,src_2.60/ui/ui_main.c,needs-semantic-audit
ui,0x58178,0x382dc0,ui_browserShowPunkBuster,0,1,0,,,src_2.60/ui/ui_main.c,needs-semantic-audit
ui,0x5818c,0x3850a0,ui_browserShowAntilag,0,1,0,,,src_2.60/ui/ui_main.c,needs-semantic-audit
ui,0x581a0,0x381e00,ui_browserShowWeaponsRestricted,0,1,0,,,src_2.60/ui/ui_main.c,needs-semantic-audit
ui,0x581b4,0x387140,ui_browserShowTeamBalanced,0,1,0,,,src_2.60/ui/ui_main.c,needs-semantic-audit
ui,0x581c8,0x386060,ui_browserNitmodonly,1,1,0,,,src_2.60/ui/ui_main.c,needs-semantic-audit
ui,0x581dc,0x382b80,ui_browserNxAConly,0,1,0,,,src_2.60/ui/ui_main.c,needs-semantic-audit
ui,0x581f0,0x3863c0,ui_serverStatusTimeOut,7000,1,0,,,src_2.60/ui/ui_main.c,needs-semantic-audit
ui,0x58204,0x383900,ui_Q3Model,1,0,0,,,src_2.60/ui/ui_main.c,needs-semantic-audit
ui,0x58218,0x383120,headModel,,0,0,,,src_2.60/ui/ui_main.c,needs-semantic-audit
ui,0x5822c,0x382280,ui_limboOptions,0,0,0,,,src_2.60/ui/ui_main.c,needs-semantic-audit
ui,0x58240,0x383b40,ui_limboPrevOptions,0,0,0,,,src_2.60/ui/ui_main.c,needs-semantic-audit
ui,0x58254,0x383240,ui_limboObjective,0,0,0,,,src_2.60/ui/ui_main.c,needs-semantic-audit
ui,0x58268,0x382a60,ui_cmd,,0,0,,,src_2.60/ui/ui_main.c,needs-semantic-audit
ui,0x5827c,0x382940,ui_prevTeam,-1,0,0,,,src_2.60/ui/ui_main.c,needs-semantic-audit
ui,0x58290,0x383360,ui_prevClass,-1,0,0,,,src_2.60/ui/ui_main.c,needs-semantic-audit
ui,0x582a4,0x383ea0,ui_prevWeapon,-1,0,0,,,src_2.60/ui/ui_main.c,needs-semantic-audit
ui,0x582b8,0x3824c0,ui_limboMode,0,0,0,,,src_2.60/ui/ui_main.c,needs-semantic-audit
ui,0x582cc,0x3862a0,ui_objective,,0,0,,,src_2.60/ui/ui_main.c,needs-semantic-audit
ui,0x582e0,0x386840,ui_team,Axis,0,0,,,src_2.60/ui/ui_main.c,needs-semantic-audit
ui,0x582f4,0x385be0,ui_class,Soldier,0,0,,,src_2.60/ui/ui_main.c,needs-semantic-audit
ui,0x58308,0x381bc0,ui_weapon,MP 40,0,0,,,src_2.60/ui/ui_main.c,needs-semantic-audit
ui,0x5831c,0x386f00,ui_isSpectator,1,0,0,,,src_2.60/ui/ui_main.c,needs-semantic-audit
ui,0x58330,0x387020,g_gameType,4,36,0,,,src_2.60/ui/ui_main.c,needs-semantic-audit
ui,0x58344,0x0,cg_drawBuddies,1,1,0,,,src_2.60/ui/ui_main.c,needs-semantic-audit
ui,0x58358,0x0,cg_drawRoundTimer,1,1,0,,,src_2.60/ui/ui_main.c,needs-semantic-audit
ui,0x5836c,0x0,cg_showblood,1,1,0,,,src_2.60/ui/ui_main.c,needs-semantic-audit
ui,0x58380,0x0,cg_bloodFlash,1.0,1,0,,,src_2.60/ui/ui_main.c,needs-semantic-audit
ui,0x58394,0x0,cg_autoReload,1,1,0,,,src_2.60/ui/ui_main.c,needs-semantic-audit
ui,0x583a8,0x0,cg_noAmmoAutoSwitch,1,1,0,,,src_2.60/ui/ui_main.c,needs-semantic-audit
ui,0x583bc,0x0,cg_useWeapsForZoom,1,1,0,,,src_2.60/ui/ui_main.c,needs-semantic-audit
ui,0x583d0,0x0,cg_zoomDefaultSniper,20,1,0,,,src_2.60/ui/ui_main.c,needs-semantic-audit
ui,0x583e4,0x0,cg_zoomstepsniper,2,1,0,,,src_2.60/ui/ui_main.c,needs-semantic-audit
ui,0x583f8,0x0,cg_voicespritetime,6000,1,0,,,src_2.60/ui/ui_main.c,needs-semantic-audit
ui,0x5840c,0x0,cg_complaintPopUp,1,1,0,,,src_2.60/ui/ui_main.c,needs-semantic-audit
ui,0x58420,0x0,cg_announcer,1,1,0,,,src_2.60/ui/ui_main.c,needs-semantic-audit
ui,0x58434,0x0,cg_printObjectiveInfo,1,1,0,,,src_2.60/ui/ui_main.c,needs-semantic-audit
ui,0x58448,0x0,cg_useScreenshotJPEG,1,1,0,,,src_2.60/ui/ui_main.c,needs-semantic-audit
ui,0x5845c,0x0,cg_drawGun,1,1,0,,,src_2.60/ui/ui_main.c,needs-semantic-audit
ui,0x58470,0x0,cg_drawCompass,1,1,0,,,src_2.60/ui/ui_main.c,needs-semantic-audit
ui,0x58484,0x0,cg_drawRoundTimer,1,1,0,,,src_2.60/ui/ui_main.c,needs-semantic-audit
ui,0x58498,0x0,cg_drawReinforcementTime,1,1,0,,,src_2.60/ui/ui_main.c,needs-semantic-audit
ui,0x584ac,0x0,cg_cursorHints,1,1,0,,,src_2.60/ui/ui_main.c,needs-semantic-audit
ui,0x584c0,0x0,cg_crosshairPulse,1,1,0,,,src_2.60/ui/ui_main.c,needs-semantic-audit
ui,0x584d4,0x0,cg_drawCrosshairNames,1,1,0,,,src_2.60/ui/ui_main.c,needs-semantic-audit
ui,0x584e8,0x0,cg_crosshairColor,White,1,0,,,src_2.60/ui/ui_main.c,needs-semantic-audit
ui,0x584fc,0x0,cg_crosshairAlpha,1.0,1,0,,,src_2.60/ui/ui_main.c,needs-semantic-audit
ui,0x58510,0x0,cg_crosshairColorAlt,White,1,0,,,src_2.60/ui/ui_main.c,needs-semantic-audit
ui,0x58524,0x0,cg_coronafardist,1536,1,0,,,src_2.60/ui/ui_main.c,needs-semantic-audit
ui,0x58538,0x0,cg_wolfparticles,1,1,0,,,src_2.60/ui/ui_main.c,needs-semantic-audit
ui,0x5854c,0x0,g_password,none,2,0,,,src_2.60/ui/ui_main.c,needs-semantic-audit
ui,0x58560,0x0,g_antilag,1,5,0,,,src_2.60/ui/ui_main.c,needs-semantic-audit
ui,0x58574,0x0,g_warmup,60,1,0,,,src_2.60/ui/ui_main.c,needs-semantic-audit
ui,0x58588,0x0,g_lms_roundlimit,3,1,0,,,src_2.60/ui/ui_main.c,needs-semantic-audit
ui,0x5859c,0x0,g_lms_matchlimit,2,1,0,,,src_2.60/ui/ui_main.c,needs-semantic-audit
ui,0x585b0,0x0,g_lms_followTeamOnly,1,1,0,,,src_2.60/ui/ui_main.c,needs-semantic-audit
ui,0x585c4,0x0,g_heavyWeaponRestriction,100,5,0,,,src_2.60/ui/ui_main.c,needs-semantic-audit
ui,0x585d8,0x386600,cl_profile,,64,0,,,src_2.60/ui/ui_main.c;src_2.60/ui/ui_shared.c,needs-semantic-audit
ui,0x585ec,0x3851c0,cl_defaultProfile,,64,0,,,src_2.60/ui/ui_main.c,needs-semantic-audit
ui,0x58600,0x3837e0,ui_profile,,64,0,,,src_2.60/ui/ui_main.c;src_2.60/ui/ui_shared.c,needs-semantic-audit
ui,0x58614,0x386960,ui_currentCampaign,0,1,0,,,src_2.60/ui/ui_main.c,needs-semantic-audit
ui,0x58628,0x381620,ui_currentNetCampaign,0,1,0,,,src_2.60/ui/ui_main.c,needs-semantic-audit
ui,0x5863c,0x3847a0,ui_campaignIndex,0,1,0,,,src_2.60/ui/ui_main.c,needs-semantic-audit
ui,0x58650,0x386180,ui_currentCampaignCompleted,0,1,0,,,src_2.60/ui/ui_main.c,needs-semantic-audit
ui,0x58664,0x0,cg_botMenuType,0,256,0,,,src_2.60/ui/ui_main.c,needs-semantic-audit
ui,0x58678,0x380d20,ui_blackout,0,64,0,,,src_2.60/ui/ui_main.c,needs-semantic-audit
ui,0x5868c,0x381080,cg_crosshairAlpha,1.0,1,0,,,src_2.60/ui/ui_main.c,needs-semantic-audit
ui,0x586a0,0x385d00,cg_crosshairAlphaAlt,1.0,1,0,,,src_2.60/ui/ui_main.c,needs-semantic-audit
ui,0x586b4,0x383480,cg_crosshairColor,White,1,0,,,src_2.60/ui/ui_main.c,needs-semantic-audit
ui,0x586c8,0x386ba0,cg_crosshairColorAlt,White,1,0,,,src_2.60/ui/ui_main.c,needs-semantic-audit
ui,0x586dc,0x381740,cg_crosshairSize,48,1,0,,,src_2.60/ui/ui_main.c,needs-semantic-audit
ui,0x586f0,0x0,bot_minplayers,0,1,0,,,src_2.60/ui/ui_main.c,needs-semantic-audit
ui,0x58704,0x0,g_altStopwatchMode,0,1,0,,,src_2.60/ui/ui_main.c,needs-semantic-audit
ui,0x58718,0x0,g_ipcomplaintlimit,3,1,0,,,src_2.60/ui/ui_main.c,needs-semantic-audit
ui,0x5872c,0x0,g_complaintlimit,6,1,0,,,src_2.60/ui/ui_main.c,needs-semantic-audit
ui,0x58740,0x0,g_doWarmup,0,1,0,,,src_2.60/ui/ui_main.c,needs-semantic-audit
ui,0x58754,0x0,g_inactivity,0,1,0,,,src_2.60/ui/ui_main.c,needs-semantic-audit
ui,0x58768,0x0,g_maxLives,0,1,0,,,src_2.60/ui/ui_main.c,needs-semantic-audit
ui,0x5877c,0x0,refereePassword,none,1,0,,,src_2.60/ui/ui_main.c,needs-semantic-audit
ui,0x58790,0x0,g_teamForceBalance,0,1,0,,,src_2.60/ui/ui_main.c,needs-semantic-audit
ui,0x587a4,0x0,sv_maxRate,0,1,0,,,src_2.60/ui/ui_main.c,needs-semantic-audit
ui,0x587b8,0x0,g_spectatorInactivity,0,1,0,,,src_2.60/ui/ui_main.c,needs-semantic-audit
ui,0x587cc,0x0,match_latejoin,1,1,0,,,src_2.60/ui/ui_main.c,needs-semantic-audit
ui,0x587e0,0x0,match_minplayers,4,1,0,,,src_2.60/ui/ui_main.c,needs-semantic-audit
ui,0x587f4,0x0,match_mutespecs,0,1,0,,,src_2.60/ui/ui_main.c,needs-semantic-audit
ui,0x58808,0x0,match_readypercent,100,1,0,,,src_2.60/ui/ui_main.c,needs-semantic-audit
ui,0x5881c,0x0,match_timeoutcount,3,1,0,,,src_2.60/ui/ui_main.c,needs-semantic-audit
ui,0x58830,0x0,match_timeoutlength,180,1,0,,,src_2.60/ui/ui_main.c,needs-semantic-audit
ui,0x58844,0x0,match_warmupDamage,1,1,0,,,src_2.60/ui/ui_main.c,needs-semantic-audit
ui,0x58858,0x0,server_autoconfig,0,1,0,,,src_2.60/ui/ui_main.c,needs-semantic-audit
ui,0x5886c,0x0,server_motd0, ^NEnemy Territory ^7MOTD ,1,0,,,src_2.60/ui/ui_main.c,needs-semantic-audit
ui,0x58880,0x0,server_motd1,,1,0,,,src_2.60/ui/ui_main.c,needs-semantic-audit
ui,0x58894,0x0,server_motd2,,1,0,,,src_2.60/ui/ui_main.c,needs-semantic-audit
ui,0x588a8,0x0,server_motd3,,1,0,,,src_2.60/ui/ui_main.c,needs-semantic-audit
ui,0x588bc,0x0,server_motd4,,1,0,,,src_2.60/ui/ui_main.c,needs-semantic-audit
ui,0x588d0,0x0,server_motd5,,1,0,,,src_2.60/ui/ui_main.c,needs-semantic-audit
ui,0x588e4,0x0,team_maxPanzers,-1,1,0,,,src_2.60/ui/ui_main.c,needs-semantic-audit
ui,0x588f8,0x0,team_maxplayers,0,1,0,,,src_2.60/ui/ui_main.c,needs-semantic-audit
ui,0x5890c,0x0,team_nocontrols,0,1,0,,,src_2.60/ui/ui_main.c,needs-semantic-audit
ui,0x58920,0x0,vote_allow_comp,1,1,0,,,src_2.60/ui/ui_main.c,needs-semantic-audit
ui,0x58934,0x0,vote_allow_gametype,1,1,0,,,src_2.60/ui/ui_main.c,needs-semantic-audit
ui,0x58948,0x0,vote_allow_kick,1,1,0,,,src_2.60/ui/ui_main.c,needs-semantic-audit
ui,0x5895c,0x0,vote_allow_map,1,1,0,,,src_2.60/ui/ui_main.c,needs-semantic-audit
ui,0x58970,0x0,vote_allow_mutespecs,1,1,0,,,src_2.60/ui/ui_main.c,needs-semantic-audit
ui,0x58984,0x0,vote_allow_nextmap,1,1,0,,,src_2.60/ui/ui_main.c,needs-semantic-audit
ui,0x58998,0x0,vote_allow_pub,1,1,0,,,src_2.60/ui/ui_main.c,needs-semantic-audit
ui,0x589ac,0x0,vote_allow_referee,0,1,0,,,src_2.60/ui/ui_main.c,needs-semantic-audit
ui,0x589c0,0x0,vote_allow_shuffleteams,1,1,0,,,,no-literal-source-mention
ui,0x589d4,0x0,vote_allow_shuffleteams_norestart,1,1,0,,,,no-literal-source-mention
ui,0x589e8,0x0,vote_allow_swapteams,1,1,0,,,src_2.60/ui/ui_main.c,needs-semantic-audit
ui,0x589fc,0x0,vote_allow_swapteamsrestart,1,1,0,,,,no-literal-source-mention
ui,0x58a10,0x0,vote_allow_friendlyfire,1,1,0,,,src_2.60/ui/ui_main.c,needs-semantic-audit
ui,0x58a24,0x0,vote_allow_timelimit,0,1,0,,,src_2.60/ui/ui_main.c,needs-semantic-audit
ui,0x58a38,0x0,vote_allow_warmupdamage,1,1,0,,,src_2.60/ui/ui_main.c,needs-semantic-audit
ui,0x58a4c,0x0,vote_allow_antilag,1,1,0,,,src_2.60/ui/ui_main.c,needs-semantic-audit
ui,0x58a60,0x0,vote_allow_muting,1,1,0,,,src_2.60/ui/ui_main.c,needs-semantic-audit
ui,0x58a74,0x0,vote_allow_kick,1,1,0,,,src_2.60/ui/ui_main.c,needs-semantic-audit
ui,0x58a88,0x0,vote_limit,5,1,0,,,src_2.60/ui/ui_main.c,needs-semantic-audit
ui,0x58a9c,0x0,vote_percent,50,1,0,,,src_2.60/ui/ui_main.c,needs-semantic-audit
ui,0x58ab0,0x0,ui_r_mode,,1,0,,,src_2.60/ui/ui_main.c;src_2.60/ui/ui_shared.c,needs-semantic-audit
ui,0x58ac4,0x0,ui_r_gamma,,1,0,,,src_2.60/ui/ui_main.c,needs-semantic-audit
ui,0x58ad8,0x0,ui_rate,,1,0,,,src_2.60/ui/ui_main.c;src_2.60/ui/ui_shared.c,needs-semantic-audit
ui,0x58aec,0x0,ui_handedness,,1,0,,,src_2.60/ui/ui_main.c,needs-semantic-audit
ui,0x58b00,0x0,ui_sensitivity,,1,0,,,src_2.60/ui/ui_main.c,needs-semantic-audit
ui,0x58b14,0x0,ui_profile_mousePitch,,1,0,,,src_2.60/ui/ui_main.c,needs-semantic-audit
ui,0x58b28,0x382ee0,cl_bypassMouseInput,0,256,0,,,src_2.60/ui/ui_main.c,needs-semantic-audit
ui,0x58b3c,0x0,g_oldCampaign,,64,0,,,src_2.60/ui/ui_main.c,needs-semantic-audit
ui,0x58b50,0x0,g_currentCampaign,,2112,0,,,src_2.60/ui/ui_main.c,needs-semantic-audit
ui,0x58b64,0x0,g_currentCampaignMap,0,2112,0,,,src_2.60/ui/ui_main.c,needs-semantic-audit
ui,0x58b78,0x0,ui_showtooltips,1,1,0,,,src_2.60/ui/ui_main.c;src_2.60/ui/ui_shared.c,needs-semantic-audit
ui,0x58b8c,0x0,cg_smokeparticles,1,1,0,,,,no-literal-source-mention
ui,0x58ba0,0x0,cg_trailparticles,1,1,0,,,,no-literal-source-mention
ui,0x58bb4,0x0,cg_impactparticles,1,1,0,,,,no-literal-source-mention
ui,0x58bc8,0x0,cg_drawPing,0,1,0,,,,no-literal-source-mention
ui,0x58bdc,0x0,cg_drawTime,1,1,0,,,,no-literal-source-mention
ui,0x58bf0,0x0,cg_drawTimeSeconds,0,1,0,,,,no-literal-source-mention
ui,0x58c04,0x0,cg_HUDBackgroundColor,.16 .2 .17,1,0,,,,no-literal-source-mention
ui,0x58c18,0x0,cg_HUDBorderColor,.5  .5 .5,1,0,,,,no-literal-source-mention
ui,0x58c2c,0x0,cg_HUDAlpha,0.8,1,0,,,,no-literal-source-mention
ui,0x58c40,0x0,cg_hitSounds,1,1,0,,,,no-literal-source-mention
ui,0x58c54,0x0,cg_pingColors,1,1,0,,,,no-literal-source-mention
ui,0x58c68,0x0,cg_goatSound,3,1,0,,,,no-literal-source-mention
ui,0x58c7c,0x0,r_dynamicTextures,0,1,0,,,,no-literal-source-mention
ui,0x58c90,0x0,cg_markDistance,384,1,0,,,,no-literal-source-mention
ui,0x58ca4,0x0,cg_muzzleFlash,1,1,0,,,,no-literal-source-mention
ui,0x58cb8,0x0,cg_tracers,1,1,0,,,,no-literal-source-mention
ui,0x58ccc,0x0,cg_drawspeed,0,1,0,,,,no-literal-source-mention
ui,0x58ce0,0x0,cg_speedinterval,100,1,0,,,,no-literal-source-mention
ui,0x58cf4,0x0,cg_speedunit,0,1,0,,,,no-literal-source-mention
ui,0x58d08,0x0,cg_optimizePrediction,1,1,0,,,,no-literal-source-mention
ui,0x58d1c,0x0,cg_locations,3,1,0,,,,no-literal-source-mention
ui,0x58d30,0x0,cg_weapAltReloads,0,1,0,,,,no-literal-source-mention
ui,0x58d44,0x0,cg_FTAutoSelect,1,1,0,,,,no-literal-source-mention
ui,0x58d58,0x0,cg_automapZoom,5.159,1,0,,,,no-literal-source-mention
ui,0x58d6c,0x0,cg_shoveSounds,1,1,0,,,,no-literal-source-mention
ui,0x58d80,0x3e01a0,ui_autoredirect,0,1,0,,,src_2.60/ui/ui_main.c,needs-semantic-audit
ui,0x58d94,0x0,g_mapScriptDirectory,,0,0,,,,no-literal-source-mention
